origin,segmentation,x1,y1,x2,y2,train
a-162.jpg,b-162_M.png,184,128,363,369,1.0
a-1449.jpg,b-1449_M.png,158,69,378,497,1.0
a-279.jpg,b-279_M.png,217,237,120,369,1.0
a-327.jpg,b-327_M.png,69,109,318,422,1.0
a-1268.jpg,b-1268_M.png,285,120,366,408,1.0
a-750.jpg,b-750_M.png,39,158,380,187,1.0
a-742.jpg,b-742_M.png,50,132,377,186,1.0
a-899.jpg,b-899_M.png,60,146,482,318,1.0
a-6.jpg,b-6_M.png,94,64,318,315,1.0
a-573.jpg,b-573_M.png,222,156,344,421,1.0
a-1277.jpg,b-1277_M.png,260,133,419,397,1.0
a-770.jpg,b-770_M.png,57,112,483,341,1.0
a-1297.jpg,b-1297_M.png,109,79,352,508,1.0
a-978.jpg,b-978_M.png,92,68,321,481,1.0
a-322.jpg,b-322_M.png,31,182,448,450,1.0
a-853.jpg,b-853_M.png,135,88,329,448,1.0
a-959.jpg,b-959_M.png,123,93,391,490,1.0
a-845.jpg,b-845_M.png,142,79,409,426,1.0
a-376.jpg,b-376_M.png,143,56,330,265,1.0
a-628.jpg,b-628_M.png,148,144,189,310,1.0
a-84.jpg,b-84_M.png,148,112,331,318,1.0
a-1414.jpg,b-1414_M.png,76,135,499,353,1.0
a-974.jpg,b-974_M.png,195,199,290,383,1.0
a-917.jpg,b-917_M.png,158,61,452,492,1.0
a-365.jpg,b-365_M.png,143,78,426,459,1.0
a-1352.jpg,b-1352_M.png,30,196,483,438,1.0
a-416.jpg,b-416_M.png,127,206,465,390,1.0
a-1386.jpg,b-1386_M.png,17,167,499,426,1.0
a-130.jpg,b-130_M.png,187,39,191,257,1.0
a-924.jpg,b-924_M.png,84,56,501,456,1.0
a-158.jpg,b-158_M.png,140,158,252,410,1.0
a-215.jpg,b-215_M.png,91,147,315,342,1.0
a-1436.jpg,b-1436_M.png,67,157,500,493,1.0
a-569.jpg,b-569_M.png,42,66,377,401,1.0
a-912.jpg,b-912_M.png,75,101,493,331,1.0
a-443.jpg,b-443_M.png,110,128,401,315,1.0
a-937.jpg,b-937_M.png,225,153,242,419,1.0
a-1218.jpg,b-1218_M.png,58,160,446,415,1.0
a-1197.jpg,b-1197_M.png,105,38,238,454,1.0
a-1316.jpg,b-1316_M.png,12,162,431,506,1.0
a-154.jpg,b-154_M.png,110,65,313,113,1.0
a-911.jpg,b-911_M.png,198,55,201,386,1.0
a-536.jpg,b-536_M.png,71,124,369,415,1.0
a-836.jpg,b-836_M.png,10,155,447,390,1.0
a-1037.jpg,b-1037_M.png,183,43,376,410,1.0
a-1317.jpg,b-1317_M.png,101,93,254,507,1.0
a-1478.jpg,b-1478_M.png,73,50,471,494,1.0
a-1060.jpg,b-1060_M.png,131,70,435,499,1.0
a-1367.jpg,b-1367_M.png,59,54,430,316,1.0
a-63.jpg,b-63_M.png,171,125,274,353,1.0
a-564.jpg,b-564_M.png,46,194,351,298,1.0
a-1118.jpg,b-1118_M.png,70,82,370,410,1.0
a-1098.jpg,b-1098_M.png,146,203,354,283,1.0
a-148.jpg,b-148_M.png,156,82,257,212,1.0
a-1482.jpg,b-1482_M.png,119,79,335,446,1.0
a-1419.jpg,b-1419_M.png,147,27,235,502,1.0
a-477.jpg,b-477_M.png,36,198,371,277,1.0
a-232.jpg,b-232_M.png,147,59,211,406,1.0
a-1492.jpg,b-1492_M.png,115,179,477,396,1.0
a-1079.jpg,b-1079_M.png,225,122,271,412,1.0
a-588.jpg,b-588_M.png,129,39,314,307,1.0
a-268.jpg,b-268_M.png,109,106,297,308,1.0
a-604.jpg,b-604_M.png,79,105,339,284,1.0
a-491.jpg,b-491_M.png,91,134,352,455,1.0
a-461.jpg,b-461_M.png,280,157,285,470,1.0
a-1134.jpg,b-1134_M.png,128,124,376,508,1.0
a-185.jpg,b-185_M.png,208,201,186,358,1.0
a-891.jpg,b-891_M.png,77,157,452,478,1.0
a-69.jpg,b-69_M.png,101,112,381,349,1.0
a-606.jpg,b-606_M.png,82,108,460,421,1.0
a-727.jpg,b-727_M.png,165,125,285,330,1.0
a-335.jpg,b-335_M.png,254,29,268,314,1.0
a-947.jpg,b-947_M.png,185,139,216,364,1.0
a-697.jpg,b-697_M.png,84,122,270,195,1.0
a-1271.jpg,b-1271_M.png,97,77,480,390,1.0
a-1464.jpg,b-1464_M.png,101,76,382,489,1.0
a-739.jpg,b-739_M.png,130,22,258,182,1.0
a-488.jpg,b-488_M.png,71,91,258,480,1.0
a-433.jpg,b-433_M.png,108,99,313,486,1.0
a-875.jpg,b-875_M.png,39,110,449,298,1.0
a-598.jpg,b-598_M.png,68,192,444,286,1.0
a-331.jpg,b-331_M.png,42,95,371,491,1.0
a-630.jpg,b-630_M.png,186,108,216,303,1.0
a-925.jpg,b-925_M.png,192,192,276,342,1.0
a-633.jpg,b-633_M.png,108,204,449,359,1.0
a-292.jpg,b-292_M.png,117,127,250,441,1.0
a-806.jpg,b-806_M.png,111,87,333,439,1.0
a-55.jpg,b-55_M.png,222,130,207,369,1.0
a-671.jpg,b-671_M.png,46,99,339,187,1.0
a-1430.jpg,b-1430_M.png,58,149,358,439,1.0
a-1122.jpg,b-1122_M.png,71,258,494,419,1.0
a-538.jpg,b-538_M.png,62,176,425,403,1.0
a-1262.jpg,b-1262_M.png,124,97,305,504,1.0
a-1263.jpg,b-1263_M.png,245,158,296,375,1.0
a-1053.jpg,b-1053_M.png,248,120,259,489,1.0
a-1265.jpg,b-1265_M.png,60,64,326,489,1.0
a-809.jpg,b-809_M.png,32,20,246,436,1.0
a-1011.jpg,b-1011_M.png,118,69,375,504,1.0
a-1014.jpg,b-1014_M.png,95,89,361,467,1.0
a-1234.jpg,b-1234_M.png,71,48,360,486,1.0
a-421.jpg,b-421_M.png,173,109,236,395,1.0
a-389.jpg,b-389_M.png,182,139,335,376,1.0
a-1511.jpg,b-1511_M.png,13,68,366,416,1.0
a-1312.jpg,b-1312_M.png,250,88,325,286,1.0
a-1006.jpg,b-1006_M.png,26,172,492,462,1.0
a-52.jpg,b-52_M.png,113,125,327,431,1.0
a-343.jpg,b-343_M.png,121,112,323,360,1.0
a-933.jpg,b-933_M.png,59,49,259,491,1.0
a-328.jpg,b-328_M.png,251,108,221,301,1.0
a-1361.jpg,b-1361_M.png,80,83,314,499,1.0
a-1153.jpg,b-1153_M.png,76,171,491,412,1.0
a-68.jpg,b-68_M.png,163,134,204,325,1.0
a-363.jpg,b-363_M.png,114,119,283,372,1.0
a-1038.jpg,b-1038_M.png,154,82,355,490,1.0
a-849.jpg,b-849_M.png,78,29,356,354,1.0
a-583.jpg,b-583_M.png,99,74,310,348,1.0
a-531.jpg,b-531_M.png,27,84,448,360,1.0
a-779.jpg,b-779_M.png,136,156,256,387,1.0
a-1390.jpg,b-1390_M.png,44,168,494,337,1.0
a-1407.jpg,b-1407_M.png,58,114,485,359,1.0
a-107.jpg,b-107_M.png,148,129,352,353,1.0
a-581.jpg,b-581_M.png,109,97,388,437,1.0
a-589.jpg,b-589_M.png,176,23,302,324,1.0
a-119.jpg,b-119_M.png,61,70,311,233,1.0
a-448.jpg,b-448_M.png,10,111,421,347,1.0
a-42.jpg,b-42_M.png,125,124,168,329,1.0
a-75.jpg,b-75_M.png,189,97,247,321,1.0
a-1364.jpg,b-1364_M.png,183,129,485,430,1.0
a-295.jpg,b-295_M.png,32,217,455,294,1.0
a-1252.jpg,b-1252_M.png,56,95,335,461,1.0
a-357.jpg,b-357_M.png,204,73,205,349,1.0
a-904.jpg,b-904_M.png,119,140,442,389,1.0
a-359.jpg,b-359_M.png,176,71,260,290,1.0
a-474.jpg,b-474_M.png,129,181,247,417,1.0
a-554.jpg,b-554_M.png,35,185,373,399,1.0
a-1181.jpg,b-1181_M.png,227,172,304,372,1.0
a-966.jpg,b-966_M.png,72,114,434,452,1.0
a-1298.jpg,b-1298_M.png,78,111,464,454,1.0
a-1333.jpg,b-1333_M.png,321,114,401,427,1.0
a-15.jpg,b-15_M.png,148,283,433,341,1.0
a-545.jpg,b-545_M.png,233,111,284,366,1.0
a-1142.jpg,b-1142_M.png,39,81,450,442,1.0
a-915.jpg,b-915_M.png,219,169,230,376,1.0
a-103.jpg,b-103_M.png,111,71,318,423,1.0
a-125.jpg,b-125_M.png,238,147,210,311,1.0
a-1026.jpg,b-1026_M.png,99,140,378,470,1.0
a-1290.jpg,b-1290_M.png,19,112,401,495,1.0
a-609.jpg,b-609_M.png,214,126,166,488,1.0
a-1300.jpg,b-1300_M.png,59,134,442,505,1.0
a-1124.jpg,b-1124_M.png,217,129,297,366,1.0
a-823.jpg,b-823_M.png,90,51,324,472,1.0
a-754.jpg,b-754_M.png,89,149,385,483,1.0
a-872.jpg,b-872_M.png,240,103,169,405,1.0
a-1311.jpg,b-1311_M.png,76,186,500,296,1.0
a-970.jpg,b-970_M.png,144,87,407,432,1.0
a-795.jpg,b-795_M.png,139,178,265,375,1.0
a-299.jpg,b-299_M.png,74,106,451,377,1.0
a-1369.jpg,b-1369_M.png,121,54,370,500,1.0
a-650.jpg,b-650_M.png,43,95,482,398,1.0
a-852.jpg,b-852_M.png,201,159,278,328,1.0
a-1229.jpg,b-1229_M.png,89,133,451,496,1.0
a-542.jpg,b-542_M.png,278,150,311,301,1.0
a-493.jpg,b-493_M.png,92,30,361,390,1.0
a-1078.jpg,b-1078_M.png,154,180,387,470,1.0
a-10.jpg,b-10_M.png,109,189,314,137,1.0
a-506.jpg,b-506_M.png,104,137,318,380,1.0
a-1491.jpg,b-1491_M.png,103,132,315,478,1.0
a-1240.jpg,b-1240_M.png,333,100,395,428,1.0
a-423.jpg,b-423_M.png,305,104,380,383,1.0
a-1051.jpg,b-1051_M.png,219,139,321,398,1.0
a-575.jpg,b-575_M.png,13,137,351,383,1.0
a-294.jpg,b-294_M.png,122,96,309,402,1.0
a-1175.jpg,b-1175_M.png,284,94,342,438,1.0
a-378.jpg,b-378_M.png,151,81,368,397,1.0
a-678.jpg,b-678_M.png,129,123,184,394,1.0
a-466.jpg,b-466_M.png,54,105,308,388,1.0
a-1176.jpg,b-1176_M.png,108,41,273,393,1.0
a-780.jpg,b-780_M.png,148,108,470,229,1.0
a-1066.jpg,b-1066_M.png,58,161,479,412,1.0
a-1397.jpg,b-1397_M.png,103,153,492,496,1.0
a-940.jpg,b-940_M.png,122,67,245,499,1.0
a-763.jpg,b-763_M.png,222,95,374,349,1.0
a-267.jpg,b-267_M.png,185,141,245,340,1.0
a-1001.jpg,b-1001_M.png,148,98,327,482,1.0
a-400.jpg,b-400_M.png,180,97,365,338,1.0
a-1132.jpg,b-1132_M.png,94,81,328,400,1.0
a-1270.jpg,b-1270_M.png,252,85,474,241,1.0
a-1528.jpg,b-1528_M.png,190,87,430,446,1.0
a-571.jpg,b-571_M.png,13,186,335,302,1.0
a-919.jpg,b-919_M.png,68,58,338,407,1.0
a-582.jpg,b-582_M.png,135,84,394,381,1.0
a-1368.jpg,b-1368_M.png,198,144,330,314,1.0
a-530.jpg,b-530_M.png,31,140,495,361,1.0
a-1019.jpg,b-1019_M.png,52,85,338,404,1.0
a-1428.jpg,b-1428_M.png,85,142,480,308,1.0
a-910.jpg,b-910_M.png,224,136,272,322,1.0
a-766.jpg,b-766_M.png,113,86,325,328,1.0
a-501.jpg,b-501_M.png,66,132,285,356,1.0
a-249.jpg,b-249_M.png,133,72,332,349,1.0
a-198.jpg,b-198_M.png,90,155,388,327,1.0
a-1080.jpg,b-1080_M.png,218,166,387,350,1.0
a-274.jpg,b-274_M.png,90,145,342,396,1.0
a-1055.jpg,b-1055_M.png,49,102,346,491,1.0
a-652.jpg,b-652_M.png,93,162,451,315,1.0
a-799.jpg,b-799_M.png,98,136,207,475,1.0
a-1388.jpg,b-1388_M.png,36,210,498,465,1.0
a-1002.jpg,b-1002_M.png,210,120,249,399,1.0
a-524.jpg,b-524_M.png,149,122,209,487,1.0
a-1387.jpg,b-1387_M.png,91,97,434,497,1.0
a-159.jpg,b-159_M.png,141,78,239,307,1.0
a-364.jpg,b-364_M.png,201,157,274,352,1.0
a-22.jpg,b-22_M.png,213,108,265,346,1.0
a-205.jpg,b-205_M.png,267,156,412,394,1.0
a-1274.jpg,b-1274_M.png,257,123,246,325,1.0
a-579.jpg,b-579_M.png,88,112,311,403,1.0
a-167.jpg,b-167_M.png,168,145,276,295,1.0
a-1379.jpg,b-1379_M.png,39,169,481,476,1.0
a-362.jpg,b-362_M.png,70,189,466,382,1.0
a-1512.jpg,b-1512_M.png,61,108,469,349,1.0
a-943.jpg,b-943_M.png,224,80,318,339,1.0
a-358.jpg,b-358_M.png,127,143,476,213,1.0
a-4.jpg,b-4_M.png,55,62,283,18,1.0
a-599.jpg,b-599_M.png,136,99,366,428,1.0
a-1477.jpg,b-1477_M.png,277,101,437,351,1.0
a-1412.jpg,b-1412_M.png,229,109,280,349,1.0
a-236.jpg,b-236_M.png,163,93,280,385,1.0
a-1395.jpg,b-1395_M.png,46,59,492,487,1.0
a-257.jpg,b-257_M.png,143,83,361,377,1.0
a-134.jpg,b-134_M.png,202,120,366,463,1.0
a-834.jpg,b-834_M.png,182,110,138,423,1.0
a-797.jpg,b-797_M.png,51,99,438,447,1.0
a-1411.jpg,b-1411_M.png,40,116,331,505,1.0
a-672.jpg,b-672_M.png,159,39,273,273,1.0
a-26.jpg,b-26_M.png,251,136,309,368,1.0
a-812.jpg,b-812_M.png,160,91,371,432,1.0
a-781.jpg,b-781_M.png,50,183,487,445,1.0
a-776.jpg,b-776_M.png,103,161,444,252,1.0
a-1015.jpg,b-1015_M.png,128,153,434,503,1.0
a-473.jpg,b-473_M.png,215,149,293,367,1.0
a-137.jpg,b-137_M.png,208,182,194,344,1.0
a-1463.jpg,b-1463_M.png,246,140,326,308,1.0
a-920.jpg,b-920_M.png,41,147,493,347,1.0
a-1130.jpg,b-1130_M.png,109,120,335,396,1.0
a-1422.jpg,b-1422_M.png,62,34,443,477,1.0
a-291.jpg,b-291_M.png,78,152,325,136,1.0
a-155.jpg,b-155_M.png,172,58,261,282,1.0
a-1362.jpg,b-1362_M.png,103,20,430,486,1.0
a-1041.jpg,b-1041_M.png,143,119,321,484,1.0
a-1280.jpg,b-1280_M.png,153,41,231,496,1.0
a-276.jpg,b-276_M.png,117,98,353,342,1.0
a-566.jpg,b-566_M.png,208,102,221,331,1.0
a-80.jpg,b-80_M.png,216,160,216,372,1.0
a-1483.jpg,b-1483_M.png,85,212,429,497,1.0
a-140.jpg,b-140_M.png,158,60,279,301,1.0
a-1377.jpg,b-1377_M.png,239,119,224,300,1.0
a-765.jpg,b-765_M.png,147,158,323,184,1.0
a-142.jpg,b-142_M.png,149,129,62,357,1.0
a-330.jpg,b-330_M.png,74,233,484,411,1.0
a-124.jpg,b-124_M.png,77,157,356,341,1.0
a-602.jpg,b-602_M.png,39,113,478,454,1.0
a-402.jpg,b-402_M.png,64,128,347,449,1.0
a-1523.jpg,b-1523_M.png,126,176,489,479,1.0
a-1431.jpg,b-1431_M.png,317,114,342,331,1.0
a-201.jpg,b-201_M.png,45,141,294,469,1.0
a-1354.jpg,b-1354_M.png,198,176,339,384,1.0
a-264.jpg,b-264_M.png,181,95,138,358,1.0
a-878.jpg,b-878_M.png,156,62,302,493,1.0
a-1182.jpg,b-1182_M.png,57,91,477,465,1.0
a-1337.jpg,b-1337_M.png,92,163,485,449,1.0
a-918.jpg,b-918_M.png,87,213,479,465,1.0
a-1373.jpg,b-1373_M.png,77,130,444,500,1.0
a-484.jpg,b-484_M.png,98,121,285,386,1.0
a-704.jpg,b-704_M.png,135,27,126,279,1.0
a-271.jpg,b-271_M.png,80,159,272,140,1.0
a-1152.jpg,b-1152_M.png,54,111,475,421,1.0
a-903.jpg,b-903_M.png,91,157,427,357,1.0
a-835.jpg,b-835_M.png,28,92,421,479,1.0
a-1508.jpg,b-1508_M.png,92,89,405,473,1.0
a-123.jpg,b-123_M.png,262,122,174,306,1.0
a-547.jpg,b-547_M.png,142,86,111,389,1.0
a-503.jpg,b-503_M.png,83,58,331,476,1.0
a-1506.jpg,b-1506_M.png,109,115,327,439,1.0
a-549.jpg,b-549_M.png,123,134,400,443,1.0
a-186.jpg,b-186_M.png,236,115,214,427,1.0
a-552.jpg,b-552_M.png,65,167,431,295,1.0
a-251.jpg,b-251_M.png,104,77,195,268,1.0
a-1416.jpg,b-1416_M.png,194,108,176,420,1.0
a-319.jpg,b-319_M.png,31,128,350,200,1.0
a-384.jpg,b-384_M.png,86,83,286,267,1.0
a-24.jpg,b-24_M.png,108,54,496,420,1.0
a-543.jpg,b-543_M.png,53,186,451,389,1.0
a-380.jpg,b-380_M.png,65,161,399,234,1.0
a-309.jpg,b-309_M.png,98,159,278,355,1.0
a-5.jpg,b-5_M.png,226,139,207,371,1.0
a-658.jpg,b-658_M.png,114,173,472,400,1.0
a-898.jpg,b-898_M.png,98,233,491,398,1.0
a-815.jpg,b-815_M.png,174,75,355,251,1.0
a-1314.jpg,b-1314_M.png,194,99,100,289,1.0
a-1522.jpg,b-1522_M.png,114,126,500,363,1.0
a-1088.jpg,b-1088_M.png,268,164,282,440,1.0
a-1336.jpg,b-1336_M.png,160,86,295,378,1.0
a-1417.jpg,b-1417_M.png,115,144,487,502,1.0
a-562.jpg,b-562_M.png,82,69,286,371,1.0
a-710.jpg,b-710_M.png,218,89,483,335,1.0
a-1266.jpg,b-1266_M.png,38,151,465,407,1.0
a-346.jpg,b-346_M.png,150,181,387,369,1.0
a-858.jpg,b-858_M.png,162,79,312,495,1.0
a-667.jpg,b-667_M.png,103,149,263,338,1.0
a-822.jpg,b-822_M.png,123,172,488,380,1.0
a-177.jpg,b-177_M.png,213,135,203,371,1.0
a-1504.jpg,b-1504_M.png,271,102,361,333,1.0
a-701.jpg,b-701_M.png,251,114,417,266,1.0
a-43.jpg,b-43_M.png,140,156,290,389,1.0
a-680.jpg,b-680_M.png,229,127,246,359,1.0
a-266.jpg,b-266_M.png,174,89,264,325,1.0
a-1402.jpg,b-1402_M.png,21,101,472,304,1.0
a-336.jpg,b-336_M.png,18,52,344,417,1.0
a-867.jpg,b-867_M.png,127,60,321,497,1.0
a-1385.jpg,b-1385_M.png,249,101,283,388,1.0
a-1251.jpg,b-1251_M.png,24,151,500,335,1.0
a-841.jpg,b-841_M.png,158,79,264,475,1.0
a-902.jpg,b-902_M.png,253,125,263,382,1.0
a-476.jpg,b-476_M.png,206,164,264,347,1.0
a-592.jpg,b-592_M.png,107,298,469,355,1.0
a-255.jpg,b-255_M.png,90,173,373,418,1.0
a-688.jpg,b-688_M.png,339,94,282,388,1.0
a-640.jpg,b-640_M.png,99,122,291,318,1.0
a-17.jpg,b-17_M.png,172,95,198,442,1.0
a-568.jpg,b-568_M.png,253,142,157,357,1.0
a-23.jpg,b-23_M.png,224,124,225,377,1.0
a-1455.jpg,b-1455_M.png,78,165,486,418,1.0
a-1499.jpg,b-1499_M.png,205,28,316,442,1.0
a-397.jpg,b-397_M.png,54,169,406,383,1.0
a-432.jpg,b-432_M.png,244,190,313,465,1.0
a-558.jpg,b-558_M.png,10,199,323,383,1.0
a-967.jpg,b-967_M.png,141,63,464,405,1.0
a-447.jpg,b-447_M.png,104,148,286,110,1.0
a-777.jpg,b-777_M.png,192,135,242,460,1.0
a-260.jpg,b-260_M.png,142,116,371,359,1.0
a-981.jpg,b-981_M.png,95,64,244,432,1.0
a-1306.jpg,b-1306_M.png,119,142,407,502,1.0
a-98.jpg,b-98_M.png,153,170,277,263,1.0
a-1261.jpg,b-1261_M.png,141,98,471,368,1.0
a-211.jpg,b-211_M.png,182,103,127,287,1.0
a-801.jpg,b-801_M.png,216,115,229,434,1.0
a-1215.jpg,b-1215_M.png,19,143,487,383,1.0
a-449.jpg,b-449_M.png,219,151,307,297,1.0
a-687.jpg,b-687_M.png,238,117,135,327,1.0
a-584.jpg,b-584_M.png,154,94,176,349,1.0
a-314.jpg,b-314_M.png,73,218,491,261,1.0
a-1125.jpg,b-1125_M.png,103,146,403,203,1.0
a-900.jpg,b-900_M.png,55,145,490,418,1.0
a-752.jpg,b-752_M.png,155,66,290,446,1.0
a-1524.jpg,b-1524_M.png,17,76,504,421,1.0
a-945.jpg,b-945_M.png,125,66,276,488,1.0
a-1525.jpg,b-1525_M.png,103,121,495,284,1.0
a-705.jpg,b-705_M.png,70,80,413,418,1.0
a-256.jpg,b-256_M.png,232,190,118,341,1.0
a-738.jpg,b-738_M.png,102,126,380,259,1.0
a-664.jpg,b-664_M.png,104,156,409,245,1.0
a-987.jpg,b-987_M.png,82,90,469,502,1.0
a-563.jpg,b-563_M.png,131,92,346,376,1.0
a-1140.jpg,b-1140_M.png,30,171,419,427,1.0
a-471.jpg,b-471_M.png,81,127,490,391,1.0
a-499.jpg,b-499_M.png,73,116,405,450,1.0
a-555.jpg,b-555_M.png,64,105,275,397,1.0
a-1159.jpg,b-1159_M.png,324,98,280,388,1.0
a-760.jpg,b-760_M.png,99,91,438,367,1.0
a-387.jpg,b-387_M.png,108,82,298,272,1.0
a-1494.jpg,b-1494_M.png,108,107,417,355,1.0
a-1371.jpg,b-1371_M.png,55,193,391,293,1.0
a-302.jpg,b-302_M.png,248,84,210,313,1.0
a-651.jpg,b-651_M.png,60,81,345,308,1.0
a-1519.jpg,b-1519_M.png,48,211,478,493,1.0
a-424.jpg,b-424_M.png,288,112,374,197,1.0
a-1190.jpg,b-1190_M.png,54,124,390,507,1.0
a-208.jpg,b-208_M.png,161,222,419,359,1.0
a-415.jpg,b-415_M.png,39,113,302,435,1.0
a-1272.jpg,b-1272_M.png,290,99,326,325,1.0
a-1120.jpg,b-1120_M.png,77,164,399,340,1.0
a-559.jpg,b-559_M.png,281,118,283,348,1.0
a-1189.jpg,b-1189_M.png,219,96,323,447,1.0
a-1042.jpg,b-1042_M.png,101,157,502,447,1.0
a-511.jpg,b-511_M.png,31,154,396,412,1.0
a-762.jpg,b-762_M.png,176,137,251,254,1.0
a-1304.jpg,b-1304_M.png,226,179,233,357,1.0
a-349.jpg,b-349_M.png,166,112,374,128,1.0
a-989.jpg,b-989_M.png,81,249,487,218,1.0
a-637.jpg,b-637_M.png,96,138,326,223,1.0
a-1472.jpg,b-1472_M.png,79,100,302,497,1.0
a-1278.jpg,b-1278_M.png,48,49,464,366,1.0
a-788.jpg,b-788_M.png,63,193,493,483,1.0
a-523.jpg,b-523_M.png,121,169,455,392,1.0
a-122.jpg,b-122_M.png,87,73,258,375,1.0
a-718.jpg,b-718_M.png,71,105,437,337,1.0
a-481.jpg,b-481_M.png,47,86,351,359,1.0
a-190.jpg,b-190_M.png,136,109,402,354,1.0
a-1295.jpg,b-1295_M.png,70,119,400,489,1.0
a-502.jpg,b-502_M.png,79,39,338,436,1.0
a-642.jpg,b-642_M.png,152,65,317,242,1.0
a-1232.jpg,b-1232_M.png,164,190,436,340,1.0
a-641.jpg,b-641_M.png,141,66,375,358,1.0
a-1301.jpg,b-1301_M.png,70,119,378,508,1.0
a-1139.jpg,b-1139_M.png,243,407,213,173,1.0
a-913.jpg,b-913_M.png,212,144,280,420,1.0
a-1303.jpg,b-1303_M.png,96,127,492,400,1.0
a-1350.jpg,b-1350_M.png,87,60,464,432,1.0
a-1031.jpg,b-1031_M.png,83,76,374,487,1.0
a-798.jpg,b-798_M.png,147,90,270,451,1.0
a-229.jpg,b-229_M.png,227,158,198,314,1.0
a-1131.jpg,b-1131_M.png,163,34,59,433,1.0
a-1437.jpg,b-1437_M.png,37,164,499,354,1.0
a-1481.jpg,b-1481_M.png,53,139,456,435,1.0
a-1433.jpg,b-1433_M.png,164,108,298,499,1.0
a-1227.jpg,b-1227_M.png,98,136,400,86,1.0
a-231.jpg,b-231_M.png,240,193,334,446,1.0
a-258.jpg,b-258_M.png,162,65,170,254,1.0
a-741.jpg,b-741_M.png,127,88,249,484,1.0
a-8.jpg,b-8_M.png,75,51,244,345,1.0
a-1405.jpg,b-1405_M.png,53,181,478,473,1.0
a-1323.jpg,b-1323_M.png,175,92,359,354,1.0
a-1064.jpg,b-1064_M.png,74,70,332,388,1.0
a-1435.jpg,b-1435_M.png,61,130,499,360,1.0
a-411.jpg,b-411_M.png,142,92,374,335,1.0
a-561.jpg,b-561_M.png,123,141,346,376,1.0
a-1183.jpg,b-1183_M.png,49,80,240,490,1.0
a-245.jpg,b-245_M.png,88,70,414,295,1.0
a-548.jpg,b-548_M.png,111,106,324,401,1.0
a-544.jpg,b-544_M.png,86,126,361,439,1.0
a-1150.jpg,b-1150_M.png,57,109,436,406,1.0
a-1102.jpg,b-1102_M.png,49,65,400,493,1.0
a-83.jpg,b-83_M.png,187,92,221,281,1.0
a-1382.jpg,b-1382_M.png,282,126,439,407,1.0
a-126.jpg,b-126_M.png,147,153,301,413,1.0
a-529.jpg,b-529_M.png,216,77,288,323,1.0
a-53.jpg,b-53_M.png,81,176,427,248,1.0
a-1145.jpg,b-1145_M.png,286,162,292,491,1.0
a-116.jpg,b-116_M.png,95,144,107,449,1.0
a-896.jpg,b-896_M.png,12,118,493,481,1.0
a-998.jpg,b-998_M.png,206,131,292,357,1.0
a-773.jpg,b-773_M.png,27,158,327,442,1.0
a-1253.jpg,b-1253_M.png,271,87,431,310,1.0
a-1166.jpg,b-1166_M.png,125,29,372,506,1.0
a-1032.jpg,b-1032_M.png,45,111,453,454,1.0
a-1127.jpg,b-1127_M.png,88,111,435,360,1.0
a-1349.jpg,b-1349_M.png,34,160,388,446,1.0
a-692.jpg,b-692_M.png,126,133,409,219,1.0
a-1322.jpg,b-1322_M.png,309,83,380,459,1.0
a-241.jpg,b-241_M.png,198,118,279,413,1.0
a-78.jpg,b-78_M.png,272,102,157,406,1.0
a-1084.jpg,b-1084_M.png,101,47,311,470,1.0
a-979.jpg,b-979_M.png,107,169,281,466,1.0
a-1063.jpg,b-1063_M.png,115,257,469,413,1.0
a-619.jpg,b-619_M.png,161,78,319,331,1.0
a-20.jpg,b-20_M.png,15,108,429,406,1.0
a-927.jpg,b-927_M.png,203,74,417,497,1.0
a-1391.jpg,b-1391_M.png,123,110,314,372,1.0
a-56.jpg,b-56_M.png,195,103,136,333,1.0
a-751.jpg,b-751_M.png,76,49,46,399,1.0
a-734.jpg,b-734_M.png,212,201,391,429,1.0
a-105.jpg,b-105_M.png,190,64,286,283,1.0
a-1028.jpg,b-1028_M.png,170,237,479,364,1.0
a-1503.jpg,b-1503_M.png,132,135,472,476,1.0
a-634.jpg,b-634_M.png,232,76,208,407,1.0
a-1375.jpg,b-1375_M.png,147,54,294,498,1.0
a-498.jpg,b-498_M.png,64,99,326,376,1.0
a-935.jpg,b-935_M.png,23,205,474,402,1.0
a-526.jpg,b-526_M.png,80,70,267,349,1.0
a-1199.jpg,b-1199_M.png,28,69,466,375,1.0
a-188.jpg,b-188_M.png,64,258,460,359,1.0
a-666.jpg,b-666_M.png,139,112,393,396,1.0
a-175.jpg,b-175_M.png,92,80,226,367,1.0
a-286.jpg,b-286_M.png,68,148,286,376,1.0
a-854.jpg,b-854_M.png,87,164,448,443,1.0
a-372.jpg,b-372_M.png,197,153,380,388,1.0
a-908.jpg,b-908_M.png,173,79,352,398,1.0
a-533.jpg,b-533_M.png,198,214,263,475,1.0
a-936.jpg,b-936_M.png,98,92,405,475,1.0
a-240.jpg,b-240_M.png,105,140,327,442,1.0
a-866.jpg,b-866_M.png,92,22,490,497,1.0
a-1242.jpg,b-1242_M.png,146,139,504,368,1.0
a-235.jpg,b-235_M.png,201,129,254,288,1.0
a-360.jpg,b-360_M.png,151,17,245,337,1.0
a-532.jpg,b-532_M.png,60,107,279,431,1.0
a-541.jpg,b-541_M.png,30,79,236,413,1.0
a-653.jpg,b-653_M.png,126,113,353,107,1.0
a-769.jpg,b-769_M.png,94,97,434,362,1.0
a-225.jpg,b-225_M.png,215,157,219,330,1.0
a-733.jpg,b-733_M.png,107,131,376,295,1.0
a-890.jpg,b-890_M.png,77,147,484,432,1.0
a-403.jpg,b-403_M.png,170,42,279,411,1.0
a-383.jpg,b-383_M.png,110,86,313,469,1.0
a-1527.jpg,b-1527_M.png,86,149,471,457,1.0
a-160.jpg,b-160_M.png,212,134,82,370,1.0
a-222.jpg,b-222_M.png,50,212,483,327,1.0
a-990.jpg,b-990_M.png,62,171,502,253,1.0
a-1056.jpg,b-1056_M.png,218,98,225,305,1.0
a-957.jpg,b-957_M.png,54,167,445,296,1.0
a-263.jpg,b-263_M.png,170,157,439,380,1.0
a-1451.jpg,b-1451_M.png,140,47,253,503,1.0
a-184.jpg,b-184_M.png,42,172,450,276,1.0
a-275.jpg,b-275_M.png,156,143,288,223,1.0
a-1198.jpg,b-1198_M.png,97,51,385,491,1.0
a-938.jpg,b-938_M.png,49,67,375,470,1.0
a-1399.jpg,b-1399_M.png,229,54,324,317,1.0
a-747.jpg,b-747_M.png,167,40,489,382,1.0
a-244.jpg,b-244_M.png,134,85,186,346,1.0
a-761.jpg,b-761_M.png,171,98,297,306,1.0
a-720.jpg,b-720_M.png,150,67,196,264,1.0
a-1529.jpg,b-1529_M.png,97,110,495,338,1.0
a-1021.jpg,b-1021_M.png,329,190,168,480,1.0
a-1067.jpg,b-1067_M.png,112,39,355,474,1.0
a-1136.jpg,b-1136_M.png,107,101,346,477,1.0
a-157.jpg,b-157_M.png,25,119,315,245,1.0
a-283.jpg,b-283_M.png,25,92,345,380,1.0
a-1246.jpg,b-1246_M.png,249,116,267,347,1.0
a-480.jpg,b-480_M.png,126,124,451,466,1.0
a-1376.jpg,b-1376_M.png,164,58,236,397,1.0
a-1488.jpg,b-1488_M.png,128,63,338,465,1.0
a-578.jpg,b-578_M.png,88,143,456,256,1.0
a-404.jpg,b-404_M.png,150,117,326,336,1.0
a-339.jpg,b-339_M.png,107,137,231,397,1.0
a-685.jpg,b-685_M.png,260,124,268,332,1.0
a-1269.jpg,b-1269_M.png,25,118,498,343,1.0
a-1025.jpg,b-1025_M.png,252,155,297,408,1.0
a-707.jpg,b-707_M.png,54,92,266,403,1.0
a-207.jpg,b-207_M.png,197,77,81,381,1.0
a-1162.jpg,b-1162_M.png,22,100,438,398,1.0
a-1107.jpg,b-1107_M.png,208,160,313,297,1.0
a-138.jpg,b-138_M.png,91,148,328,301,1.0
a-1163.jpg,b-1163_M.png,40,166,497,349,1.0
a-1044.jpg,b-1044_M.png,97,27,364,454,1.0
a-813.jpg,b-813_M.png,84,189,491,341,1.0
a-1065.jpg,b-1065_M.png,109,83,375,484,1.0
a-647.jpg,b-647_M.png,31,167,471,480,1.0
a-1226.jpg,b-1226_M.png,311,200,365,332,1.0
a-1160.jpg,b-1160_M.png,65,102,397,493,1.0
a-1143.jpg,b-1143_M.png,270,82,239,314,1.0
a-77.jpg,b-77_M.png,58,126,343,249,1.0
a-1004.jpg,b-1004_M.png,110,101,322,496,1.0
a-11.jpg,b-11_M.png,61,60,340,386,1.0
a-986.jpg,b-986_M.png,41,188,429,386,1.0
a-1128.jpg,b-1128_M.png,262,197,211,410,1.0
a-1345.jpg,b-1345_M.png,72,204,372,366,1.0
a-790.jpg,b-790_M.png,194,145,218,352,1.0
a-1366.jpg,b-1366_M.png,239,194,333,428,1.0
a-1346.jpg,b-1346_M.png,68,84,286,473,1.0
a-1408.jpg,b-1408_M.png,90,149,502,441,1.0
a-1074.jpg,b-1074_M.png,264,178,226,384,1.0
a-596.jpg,b-596_M.png,273,109,162,246,1.0
a-1383.jpg,b-1383_M.png,252,120,363,319,1.0
a-1255.jpg,b-1255_M.png,96,84,303,427,1.0
a-1513.jpg,b-1513_M.png,197,116,373,463,1.0
a-47.jpg,b-47_M.png,169,163,274,442,1.0
a-792.jpg,b-792_M.png,124,116,133,496,1.0
a-304.jpg,b-304_M.png,54,204,477,267,1.0
a-101.jpg,b-101_M.png,200,138,170,285,1.0
a-1235.jpg,b-1235_M.png,260,178,362,310,1.0
a-214.jpg,b-214_M.png,122,176,384,276,1.0
a-451.jpg,b-451_M.png,132,97,274,270,1.0
a-946.jpg,b-946_M.png,190,105,359,456,1.0
a-1441.jpg,b-1441_M.png,34,150,499,343,1.0
a-373.jpg,b-373_M.png,145,72,307,372,1.0
a-662.jpg,b-662_M.png,99,128,207,249,1.0
a-636.jpg,b-636_M.png,189,132,241,334,1.0
a-962.jpg,b-962_M.png,95,58,316,481,1.0
a-522.jpg,b-522_M.png,193,117,107,399,1.0
a-370.jpg,b-370_M.png,225,160,311,334,1.0
a-1330.jpg,b-1330_M.png,88,246,476,394,1.0
a-683.jpg,b-683_M.png,44,103,374,389,1.0
a-174.jpg,b-174_M.png,161,146,134,314,1.0
a-756.jpg,b-756_M.png,167,107,235,487,1.0
a-452.jpg,b-452_M.png,116,137,357,286,1.0
a-574.jpg,b-574_M.png,41,143,418,375,1.0
a-395.jpg,b-395_M.png,192,142,92,337,1.0
a-1224.jpg,b-1224_M.png,15,71,306,301,1.0
a-593.jpg,b-593_M.png,87,120,400,338,1.0
a-513.jpg,b-513_M.png,60,47,241,415,1.0
a-1070.jpg,b-1070_M.png,132,119,393,350,1.0
a-490.jpg,b-490_M.png,236,157,357,325,1.0
a-832.jpg,b-832_M.png,98,56,442,402,1.0
a-193.jpg,b-193_M.png,153,85,255,315,1.0
a-1448.jpg,b-1448_M.png,260,62,433,380,1.0
a-735.jpg,b-735_M.png,177,73,384,426,1.0
a-1357.jpg,b-1357_M.png,318,125,371,378,1.0
a-1353.jpg,b-1353_M.png,261,160,319,395,1.0
a-520.jpg,b-520_M.png,94,178,422,379,1.0
a-41.jpg,b-41_M.png,77,56,357,239,1.0
a-1100.jpg,b-1100_M.png,320,136,199,416,1.0
a-91.jpg,b-91_M.png,88,167,222,368,1.0
a-381.jpg,b-381_M.png,103,78,281,301,1.0
a-880.jpg,b-880_M.png,130,138,344,74,1.0
a-166.jpg,b-166_M.png,91,78,281,87,1.0
a-438.jpg,b-438_M.png,210,51,292,321,1.0
a-338.jpg,b-338_M.png,224,80,185,277,1.0
a-288.jpg,b-288_M.png,80,109,381,453,1.0
a-289.jpg,b-289_M.png,39,220,461,382,1.0
a-786.jpg,b-786_M.png,113,126,278,483,1.0
a-296.jpg,b-296_M.png,162,141,174,327,1.0
a-375.jpg,b-375_M.png,127,119,374,297,1.0
a-194.jpg,b-194_M.png,97,216,299,404,1.0
a-517.jpg,b-517_M.png,189,168,291,434,1.0
a-1211.jpg,b-1211_M.png,55,119,330,501,1.0
a-594.jpg,b-594_M.png,136,64,258,347,1.0
a-1372.jpg,b-1372_M.png,30,262,490,435,1.0
a-128.jpg,b-128_M.png,230,141,310,301,1.0
a-1034.jpg,b-1034_M.png,138,134,479,482,1.0
a-1450.jpg,b-1450_M.png,32,178,503,381,1.0
a-600.jpg,b-600_M.png,114,126,441,394,1.0
a-1187.jpg,b-1187_M.png,35,116,478,165,1.0
a-1273.jpg,b-1273_M.png,62,124,481,480,1.0
a-1359.jpg,b-1359_M.png,87,150,455,475,1.0
a-1281.jpg,b-1281_M.png,62,56,481,437,1.0
a-796.jpg,b-796_M.png,229,127,285,338,1.0
a-467.jpg,b-467_M.png,199,112,244,352,1.0
a-821.jpg,b-821_M.png,218,99,228,406,1.0
a-469.jpg,b-469_M.png,244,137,275,359,1.0
a-321.jpg,b-321_M.png,28,146,370,284,1.0
a-508.jpg,b-508_M.png,67,145,337,349,1.0
a-833.jpg,b-833_M.png,79,187,435,431,1.0
a-1424.jpg,b-1424_M.png,273,104,314,357,1.0
a-337.jpg,b-337_M.png,108,116,395,491,1.0
a-189.jpg,b-189_M.png,216,100,253,298,1.0
a-1286.jpg,b-1286_M.png,29,180,450,497,1.0
a-1384.jpg,b-1384_M.png,85,120,492,454,1.0
a-994.jpg,b-994_M.png,201,174,342,309,1.0
a-749.jpg,b-749_M.png,235,159,288,394,1.0
a-30.jpg,b-30_M.png,100,101,292,59,1.0
a-272.jpg,b-272_M.png,187,118,228,297,1.0
a-610.jpg,b-610_M.png,143,86,273,368,1.0
a-259.jpg,b-259_M.png,216,123,301,350,1.0
a-120.jpg,b-120_M.png,140,154,299,303,1.0
a-1096.jpg,b-1096_M.png,49,64,254,422,1.0
a-1258.jpg,b-1258_M.png,87,149,376,490,1.0
a-1238.jpg,b-1238_M.png,50,226,483,448,1.0
a-1516.jpg,b-1516_M.png,252,170,365,358,1.0
a-1076.jpg,b-1076_M.png,87,118,486,323,1.0
a-301.jpg,b-301_M.png,54,248,450,416,1.0
a-250.jpg,b-250_M.png,55,192,389,236,1.0
a-341.jpg,b-341_M.png,95,102,459,447,1.0
a-178.jpg,b-178_M.png,204,85,358,404,1.0
a-27.jpg,b-27_M.png,245,151,253,359,1.0
a-409.jpg,b-409_M.png,52,171,487,295,1.0
a-1418.jpg,b-1418_M.png,87,153,488,419,1.0
a-519.jpg,b-519_M.png,35,127,466,371,1.0
a-1086.jpg,b-1086_M.png,81,200,366,500,1.0
a-1308.jpg,b-1308_M.png,108,50,376,497,1.0
a-535.jpg,b-535_M.png,89,91,346,413,1.0
a-163.jpg,b-163_M.png,40,140,150,236,1.0
a-90.jpg,b-90_M.png,29,218,243,209,1.0
a-73.jpg,b-73_M.png,59,94,385,290,1.0
a-450.jpg,b-450_M.png,74,187,382,427,1.0
a-1071.jpg,b-1071_M.png,81,86,500,402,1.0
a-635.jpg,b-635_M.png,119,65,252,460,1.0
a-396.jpg,b-396_M.png,220,125,67,335,1.0
a-12.jpg,b-12_M.png,253,118,387,321,1.0
a-1331.jpg,b-1331_M.png,113,97,360,474,1.0
a-35.jpg,b-35_M.png,113,114,422,386,1.0
a-753.jpg,b-753_M.png,210,151,220,357,1.0
a-16.jpg,b-16_M.png,88,150,365,455,1.0
a-895.jpg,b-895_M.png,96,120,498,430,1.0
a-1138.jpg,b-1138_M.png,254,102,93,143,1.0
a-699.jpg,b-699_M.png,38,136,301,236,1.0
a-407.jpg,b-407_M.png,77,79,247,501,1.0
a-1413.jpg,b-1413_M.png,89,186,495,437,1.0
a-135.jpg,b-135_M.png,253,98,243,372,1.0
a-1081.jpg,b-1081_M.png,126,77,361,460,1.0
a-1201.jpg,b-1201_M.png,92,55,426,478,1.0
a-71.jpg,b-71_M.png,79,77,247,244,1.0
a-1171.jpg,b-1171_M.png,212,128,275,497,1.0
a-458.jpg,b-458_M.png,112,70,256,367,1.0
a-85.jpg,b-85_M.png,179,68,298,253,1.0
a-1200.jpg,b-1200_M.png,103,63,360,356,1.0
a-340.jpg,b-340_M.png,150,89,316,292,1.0
a-944.jpg,b-944_M.png,212,215,343,392,1.0
a-1054.jpg,b-1054_M.png,132,52,340,490,1.0
a-1444.jpg,b-1444_M.png,225,135,322,312,1.0
a-486.jpg,b-486_M.png,62,210,455,421,1.0
a-1241.jpg,b-1241_M.png,103,52,435,488,1.0
a-1421.jpg,b-1421_M.png,40,176,484,401,1.0
a-1305.jpg,b-1305_M.png,98,118,252,384,1.0
a-1103.jpg,b-1103_M.png,155,126,300,289,1.0
a-40.jpg,b-40_M.png,168,87,202,336,1.0
a-528.jpg,b-528_M.png,57,94,478,391,1.0
a-839.jpg,b-839_M.png,277,89,378,378,1.0
a-691.jpg,b-691_M.png,227,134,221,356,1.0
a-916.jpg,b-916_M.png,258,68,274,195,1.0
a-94.jpg,b-94_M.png,139,110,305,261,1.0
a-846.jpg,b-846_M.png,147,133,373,393,1.0
a-405.jpg,b-405_M.png,142,38,278,366,1.0
a-1165.jpg,b-1165_M.png,87,183,497,363,1.0
a-1518.jpg,b-1518_M.png,81,75,342,509,1.0
a-931.jpg,b-931_M.png,132,152,477,386,1.0
a-725.jpg,b-725_M.png,178,111,329,447,1.0
a-1173.jpg,b-1173_M.png,114,138,356,345,1.0
a-149.jpg,b-149_M.png,81,138,358,316,1.0
a-623.jpg,b-623_M.png,46,143,444,224,1.0
a-253.jpg,b-253_M.png,63,182,276,494,1.0
a-460.jpg,b-460_M.png,52,59,396,369,1.0
a-348.jpg,b-348_M.png,189,79,376,413,1.0
a-534.jpg,b-534_M.png,131,123,278,349,1.0
a-114.jpg,b-114_M.png,78,55,318,296,1.0
a-1406.jpg,b-1406_M.png,195,85,247,465,1.0
a-715.jpg,b-715_M.png,65,124,483,290,1.0
a-611.jpg,b-611_M.png,253,75,315,354,1.0
a-802.jpg,b-802_M.png,177,71,170,391,1.0
a-96.jpg,b-96_M.png,118,201,400,229,1.0
a-344.jpg,b-344_M.png,159,69,289,302,1.0
a-1154.jpg,b-1154_M.png,52,173,476,311,1.0
a-764.jpg,b-764_M.png,176,76,360,364,1.0
a-482.jpg,b-482_M.png,70,106,246,226,1.0
a-1223.jpg,b-1223_M.png,151,83,308,356,1.0
a-514.jpg,b-514_M.png,14,152,345,313,1.0
a-785.jpg,b-785_M.png,23,110,478,338,1.0
a-1068.jpg,b-1068_M.png,124,158,145,476,1.0
a-1231.jpg,b-1231_M.png,86,282,477,429,1.0
a-1432.jpg,b-1432_M.png,137,65,359,382,1.0
a-176.jpg,b-176_M.png,40,205,261,157,1.0
a-1141.jpg,b-1141_M.png,116,94,273,482,1.0
a-377.jpg,b-377_M.png,52,203,463,428,1.0
a-516.jpg,b-516_M.png,71,81,411,302,1.0
a-984.jpg,b-984_M.png,262,128,316,311,1.0
a-204.jpg,b-204_M.png,103,142,372,442,1.0
a-1283.jpg,b-1283_M.png,66,89,465,494,1.0
a-861.jpg,b-861_M.png,84,127,457,320,1.0
a-838.jpg,b-838_M.png,121,108,309,371,1.0
a-442.jpg,b-442_M.png,79,124,396,406,1.0
a-818.jpg,b-818_M.png,144,105,472,446,1.0
a-1415.jpg,b-1415_M.png,56,188,473,498,1.0
a-1090.jpg,b-1090_M.png,37,223,496,413,1.0
a-572.jpg,b-572_M.png,99,221,268,486,1.0
a-1177.jpg,b-1177_M.png,89,88,414,505,1.0
a-682.jpg,b-682_M.png,94,37,267,392,1.0
a-1398.jpg,b-1398_M.png,114,105,253,499,1.0
a-1374.jpg,b-1374_M.png,31,117,494,377,1.0
a-1024.jpg,b-1024_M.png,78,51,413,463,1.0
a-1440.jpg,b-1440_M.png,123,137,271,461,1.0
a-202.jpg,b-202_M.png,242,81,288,378,1.0
a-1469.jpg,b-1469_M.png,40,120,494,463,1.0
a-354.jpg,b-354_M.png,185,83,417,340,1.0
a-230.jpg,b-230_M.png,185,148,430,445,1.0
a-408.jpg,b-408_M.png,163,149,305,428,1.0
a-1425.jpg,b-1425_M.png,236,175,335,432,1.0
a-102.jpg,b-102_M.png,53,78,293,296,1.0
a-270.jpg,b-270_M.png,83,70,388,314,1.0
a-868.jpg,b-868_M.png,76,90,419,490,1.0
a-783.jpg,b-783_M.png,61,75,475,422,1.0
a-420.jpg,b-420_M.png,129,99,208,388,1.0
a-19.jpg,b-19_M.png,45,131,459,301,1.0
a-1216.jpg,b-1216_M.png,88,113,289,435,1.0
a-1184.jpg,b-1184_M.png,102,240,492,313,1.0
a-679.jpg,b-679_M.png,119,44,277,472,1.0
a-1048.jpg,b-1048_M.png,29,127,487,394,1.0
a-305.jpg,b-305_M.png,166,41,324,408,1.0
a-457.jpg,b-457_M.png,235,141,198,398,1.0
a-1052.jpg,b-1052_M.png,128,93,451,481,1.0
a-100.jpg,b-100_M.png,238,94,115,334,1.0
a-210.jpg,b-210_M.png,224,128,362,349,1.0
a-557.jpg,b-557_M.png,35,158,454,386,1.0
a-446.jpg,b-446_M.png,69,56,328,342,1.0
a-1214.jpg,b-1214_M.png,232,100,418,316,1.0
a-227.jpg,b-227_M.png,257,180,242,383,1.0
a-638.jpg,b-638_M.png,123,130,443,236,1.0
a-315.jpg,b-315_M.png,250,103,351,418,1.0
a-115.jpg,b-115_M.png,167,107,268,320,1.0
a-607.jpg,b-607_M.png,206,166,134,272,1.0
a-228.jpg,b-228_M.png,112,61,311,283,1.0
a-1115.jpg,b-1115_M.png,73,114,492,336,1.0
a-840.jpg,b-840_M.png,153,104,406,427,1.0
a-862.jpg,b-862_M.png,25,137,458,478,1.0
a-1008.jpg,b-1008_M.png,240,141,298,404,1.0
a-1487.jpg,b-1487_M.png,134,116,435,502,1.0
a-1003.jpg,b-1003_M.png,182,55,454,499,1.0
a-608.jpg,b-608_M.png,202,103,91,354,1.0
a-724.jpg,b-724_M.png,98,117,247,434,1.0
a-391.jpg,b-391_M.png,157,127,418,306,1.0
a-1094.jpg,b-1094_M.png,83,168,315,90,1.0
a-212.jpg,b-212_M.png,105,145,378,243,1.0
a-342.jpg,b-342_M.png,84,84,290,436,1.0
a-690.jpg,b-690_M.png,19,126,338,198,1.0
a-1047.jpg,b-1047_M.png,101,189,424,486,1.0
a-329.jpg,b-329_M.png,170,87,398,329,1.0
a-367.jpg,b-367_M.png,72,146,248,386,1.0
a-57.jpg,b-57_M.png,147,120,376,335,1.0
a-612.jpg,b-612_M.png,96,91,299,406,1.0
a-1113.jpg,b-1113_M.png,78,71,319,479,1.0
a-74.jpg,b-74_M.png,112,168,403,326,1.0
a-824.jpg,b-824_M.png,170,154,373,443,1.0
a-1452.jpg,b-1452_M.png,162,46,336,504,1.0
a-1445.jpg,b-1445_M.png,57,175,499,467,1.0
a-553.jpg,b-553_M.png,65,58,298,399,1.0
a-656.jpg,b-656_M.png,93,249,221,118,1.0
a-1213.jpg,b-1213_M.png,18,115,311,506,1.0
a-406.jpg,b-406_M.png,93,147,381,297,1.0
a-1288.jpg,b-1288_M.png,74,236,481,255,1.0
a-546.jpg,b-546_M.png,43,120,439,374,1.0
a-118.jpg,b-118_M.png,56,52,323,222,1.0
a-881.jpg,b-881_M.png,48,146,454,418,1.0
a-1077.jpg,b-1077_M.png,125,34,269,467,1.0
a-1045.jpg,b-1045_M.png,75,72,307,499,1.0
a-1315.jpg,b-1315_M.png,504,329,47,141,1.0
a-816.jpg,b-816_M.png,199,156,279,351,1.0
a-504.jpg,b-504_M.png,214,125,229,484,1.0
a-1005.jpg,b-1005_M.png,122,213,504,382,1.0
a-1480.jpg,b-1480_M.png,61,103,438,496,1.0
a-1208.jpg,b-1208_M.png,108,35,352,477,1.0
a-1043.jpg,b-1043_M.png,166,49,407,486,1.0
a-1149.jpg,b-1149_M.png,45,148,440,450,1.0
a-615.jpg,b-615_M.png,83,106,366,224,1.0
a-713.jpg,b-713_M.png,206,156,228,307,1.0
a-1247.jpg,b-1247_M.png,32,178,445,296,1.0
a-261.jpg,b-261_M.png,134,156,230,453,1.0
a-495.jpg,b-495_M.png,78,90,385,454,1.0
a-1178.jpg,b-1178_M.png,94,94,422,487,1.0
a-1520.jpg,b-1520_M.png,246,161,286,341,1.0
a-1325.jpg,b-1325_M.png,132,135,227,495,1.0
a-991.jpg,b-991_M.png,46,214,428,493,1.0
a-169.jpg,b-169_M.png,113,155,348,221,1.0
a-1188.jpg,b-1188_M.png,134,109,210,388,1.0
a-803.jpg,b-803_M.png,100,123,489,328,1.0
a-732.jpg,b-732_M.png,83,100,454,411,1.0
a-1148.jpg,b-1148_M.png,242,142,242,368,1.0
a-21.jpg,b-21_M.png,151,83,207,450,1.0
a-648.jpg,b-648_M.png,156,212,476,452,1.0
a-418.jpg,b-418_M.png,102,69,320,319,1.0
a-237.jpg,b-237_M.png,63,145,384,234,1.0
a-38.jpg,b-38_M.png,141,111,221,416,1.0
a-654.jpg,b-654_M.png,165,60,306,341,1.0
a-320.jpg,b-320_M.png,238,164,277,283,1.0
a-977.jpg,b-977_M.png,86,39,338,498,1.0
a-1396.jpg,b-1396_M.png,102,72,366,410,1.0
a-1467.jpg,b-1467_M.png,134,36,265,491,1.0
a-963.jpg,b-963_M.png,95,90,448,485,1.0
a-728.jpg,b-728_M.png,49,120,457,348,1.0
a-722.jpg,b-722_M.png,162,152,294,318,1.0
a-1410.jpg,b-1410_M.png,264,79,337,448,1.0
a-151.jpg,b-151_M.png,106,102,404,209,1.0
a-614.jpg,b-614_M.png,166,159,229,455,1.0
a-1476.jpg,b-1476_M.png,279,115,293,370,1.0
a-366.jpg,b-366_M.png,98,94,388,475,1.0
a-624.jpg,b-624_M.png,135,67,376,302,1.0
a-885.jpg,b-885_M.png,79,65,341,450,1.0
a-1293.jpg,b-1293_M.png,199,97,246,384,1.0
a-1296.jpg,b-1296_M.png,286,113,286,345,1.0
a-629.jpg,b-629_M.png,70,208,391,295,1.0
a-1170.jpg,b-1170_M.png,210,120,371,305,1.0
a-445.jpg,b-445_M.png,90,173,313,81,1.0
a-1018.jpg,b-1018_M.png,154,81,296,466,1.0
a-419.jpg,b-419_M.png,216,119,73,322,1.0
a-1121.jpg,b-1121_M.png,37,109,461,263,1.0
a-784.jpg,b-784_M.png,77,51,187,496,1.0
a-1236.jpg,b-1236_M.png,49,104,463,348,1.0
a-1329.jpg,b-1329_M.png,261,92,320,386,1.0
a-470.jpg,b-470_M.png,141,160,291,397,1.0
a-1168.jpg,b-1168_M.png,35,173,470,446,1.0
a-1217.jpg,b-1217_M.png,84,74,370,499,1.0
a-820.jpg,b-820_M.png,142,149,314,357,1.0
a-950.jpg,b-950_M.png,100,150,490,254,1.0
a-67.jpg,b-67_M.png,88,26,337,334,1.0
a-1007.jpg,b-1007_M.png,242,97,150,429,1.0
a-1209.jpg,b-1209_M.png,205,136,354,282,1.0
a-864.jpg,b-864_M.png,186,97,274,350,1.0
a-627.jpg,b-627_M.png,79,159,485,394,1.0
a-711.jpg,b-711_M.png,136,70,387,484,1.0
a-1356.jpg,b-1356_M.png,73,65,389,507,1.0
a-1474.jpg,b-1474_M.png,58,155,442,505,1.0
a-368.jpg,b-368_M.png,105,104,368,363,1.0
a-980.jpg,b-980_M.png,24,80,327,451,1.0
a-618.jpg,b-618_M.png,155,143,304,409,1.0
a-1292.jpg,b-1292_M.png,101,108,435,483,1.0
a-180.jpg,b-180_M.png,117,76,269,306,1.0
a-153.jpg,b-153_M.png,219,112,247,414,1.0
a-1334.jpg,b-1334_M.png,258,149,264,357,1.0
a-1473.jpg,b-1473_M.png,209,169,311,387,1.0
a-1203.jpg,b-1203_M.png,98,57,323,476,1.0
a-239.jpg,b-239_M.png,60,207,390,227,1.0
a-93.jpg,b-93_M.png,92,129,312,124,1.0
a-323.jpg,b-323_M.png,106,170,445,404,1.0
a-1324.jpg,b-1324_M.png,101,153,458,360,1.0
a-278.jpg,b-278_M.png,105,28,352,358,1.0
a-1389.jpg,b-1389_M.png,53,182,443,479,1.0
a-196.jpg,b-196_M.png,171,81,331,428,1.0
a-111.jpg,b-111_M.png,198,141,249,349,1.0
a-505.jpg,b-505_M.png,87,187,316,381,1.0
a-1192.jpg,b-1192_M.png,106,211,479,475,1.0
a-1110.jpg,b-1110_M.png,68,180,486,313,1.0
a-988.jpg,b-988_M.png,17,108,429,483,1.0
a-1169.jpg,b-1169_M.png,45,77,426,422,1.0
a-334.jpg,b-334_M.png,230,142,237,419,1.0
a-1276.jpg,b-1276_M.png,206,140,152,366,1.0
a-1302.jpg,b-1302_M.png,167,110,135,478,1.0
a-1062.jpg,b-1062_M.png,37,95,459,331,1.0
a-527.jpg,b-527_M.png,278,133,225,475,1.0
a-168.jpg,b-168_M.png,123,65,289,253,1.0
a-209.jpg,b-209_M.png,250,114,244,399,1.0
a-999.jpg,b-999_M.png,222,118,120,368,1.0
a-746.jpg,b-746_M.png,107,81,495,412,1.0
a-1257.jpg,b-1257_M.png,33,177,386,490,1.0
a-694.jpg,b-694_M.png,89,64,242,406,1.0
a-960.jpg,b-960_M.png,119,60,317,499,1.0
a-293.jpg,b-293_M.png,282,142,217,430,1.0
a-842.jpg,b-842_M.png,202,156,285,354,1.0
a-1501.jpg,b-1501_M.png,83,147,471,302,1.0
a-1135.jpg,b-1135_M.png,82,93,399,436,1.0
a-1380.jpg,b-1380_M.png,89,119,398,489,1.0
a-621.jpg,b-621_M.png,138,133,251,403,1.0
a-1101.jpg,b-1101_M.png,227,157,323,348,1.0
a-317.jpg,b-317_M.png,180,101,181,277,1.0
a-961.jpg,b-961_M.png,55,123,475,451,1.0
a-873.jpg,b-873_M.png,205,93,281,340,1.0
a-1486.jpg,b-1486_M.png,76,172,424,457,1.0
a-1447.jpg,b-1447_M.png,37,157,500,440,1.0
a-44.jpg,b-44_M.png,120,164,319,394,1.0
a-489.jpg,b-489_M.png,44,233,452,503,1.0
a-706.jpg,b-706_M.png,117,65,300,112,1.0
a-50.jpg,b-50_M.png,185,68,224,190,1.0
a-1133.jpg,b-1133_M.png,95,101,337,489,1.0
a-146.jpg,b-146_M.png,193,108,338,392,1.0
a-759.jpg,b-759_M.png,70,87,365,447,1.0
a-46.jpg,b-46_M.png,97,200,432,252,1.0
a-143.jpg,b-143_M.png,80,184,472,167,1.0
a-48.jpg,b-48_M.png,43,81,271,408,1.0
a-1320.jpg,b-1320_M.png,77,71,490,395,1.0
a-285.jpg,b-285_M.png,67,106,354,313,1.0
a-313.jpg,b-313_M.png,86,125,188,488,1.0
a-997.jpg,b-997_M.png,40,148,409,306,1.0
a-262.jpg,b-262_M.png,83,153,482,298,1.0
a-826.jpg,b-826_M.png,83,56,329,465,1.0
a-1167.jpg,b-1167_M.png,26,243,422,498,1.0
a-1401.jpg,b-1401_M.png,149,107,375,501,1.0
a-223.jpg,b-223_M.png,213,134,381,330,1.0
a-1237.jpg,b-1237_M.png,182,145,255,276,1.0
a-905.jpg,b-905_M.png,89,157,484,449,1.0
a-352.jpg,b-352_M.png,97,90,275,393,1.0
a-605.jpg,b-605_M.png,229,131,219,327,1.0
a-496.jpg,b-496_M.png,218,150,247,435,1.0
a-195.jpg,b-195_M.png,206,195,201,403,1.0
a-771.jpg,b-771_M.png,178,123,149,294,1.0
a-284.jpg,b-284_M.png,223,184,97,288,1.0
a-1347.jpg,b-1347_M.png,46,200,496,467,1.0
a-1036.jpg,b-1036_M.png,89,30,406,405,1.0
a-127.jpg,b-127_M.png,181,70,357,269,1.0
a-1239.jpg,b-1239_M.png,52,125,426,494,1.0
a-1087.jpg,b-1087_M.png,43,184,399,343,1.0
a-677.jpg,b-677_M.png,143,50,255,459,1.0
a-992.jpg,b-992_M.png,164,159,475,490,1.0
a-1221.jpg,b-1221_M.png,276,139,351,397,1.0
a-1458.jpg,b-1458_M.png,46,107,238,510,1.0
a-1144.jpg,b-1144_M.png,53,156,435,251,1.0
a-1454.jpg,b-1454_M.png,83,44,247,500,1.0
a-374.jpg,b-374_M.png,122,176,338,435,1.0
a-382.jpg,b-382_M.png,166,138,247,319,1.0
a-550.jpg,b-550_M.png,168,125,283,354,1.0
a-1083.jpg,b-1083_M.png,201,154,245,419,1.0
a-889.jpg,b-889_M.png,148,55,213,490,1.0
a-33.jpg,b-33_M.png,125,129,351,342,1.0
a-1260.jpg,b-1260_M.png,239,107,315,410,1.0
a-141.jpg,b-141_M.png,166,73,355,112,1.0
a-220.jpg,b-220_M.png,51,134,322,288,1.0
a-203.jpg,b-203_M.png,131,125,340,484,1.0
a-996.jpg,b-996_M.png,214,91,452,426,1.0
a-1017.jpg,b-1017_M.png,264,181,46,483,1.0
a-1459.jpg,b-1459_M.png,41,92,492,487,1.0
a-1259.jpg,b-1259_M.png,306,116,302,362,1.0
a-1069.jpg,b-1069_M.png,224,168,148,284,1.0
a-1457.jpg,b-1457_M.png,84,81,446,502,1.0
a-851.jpg,b-851_M.png,154,147,213,443,1.0
a-311.jpg,b-311_M.png,236,129,301,357,1.0
a-1058.jpg,b-1058_M.png,145,67,323,492,1.0
a-1515.jpg,b-1515_M.png,67,125,307,469,1.0
a-1264.jpg,b-1264_M.png,81,73,425,497,1.0
a-965.jpg,b-965_M.png,237,61,429,393,1.0
a-709.jpg,b-709_M.png,237,89,77,270,1.0
a-1344.jpg,b-1344_M.png,57,156,466,395,1.0
a-70.jpg,b-70_M.png,268,168,101,189,1.0
a-1039.jpg,b-1039_M.png,190,108,207,297,1.0
a-414.jpg,b-414_M.png,59,186,463,262,1.0
a-62.jpg,b-62_M.png,58,136,406,197,1.0
a-1332.jpg,b-1332_M.png,164,80,425,498,1.0
a-248.jpg,b-248_M.png,225,149,95,342,1.0
a-1328.jpg,b-1328_M.png,114,61,351,507,1.0
a-131.jpg,b-131_M.png,81,124,312,186,1.0
a-464.jpg,b-464_M.png,226,138,266,394,1.0
a-1137.jpg,b-1137_M.png,232,127,174,339,1.0
a-7.jpg,b-7_M.png,276,128,157,347,1.0
a-645.jpg,b-645_M.png,11,166,456,276,1.0
a-1496.jpg,b-1496_M.png,135,77,345,492,1.0
a-1220.jpg,b-1220_M.png,142,113,454,157,1.0
a-494.jpg,b-494_M.png,83,92,267,420,1.0
a-1106.jpg,b-1106_M.png,21,159,492,392,1.0
a-814.jpg,b-814_M.png,103,56,219,475,1.0
a-1009.jpg,b-1009_M.png,53,96,369,480,1.0
a-64.jpg,b-64_M.png,158,160,118,338,1.0
a-1393.jpg,b-1393_M.png,116,166,478,484,1.0
a-1245.jpg,b-1245_M.png,31,116,267,481,1.0
a-1326.jpg,b-1326_M.png,246,135,297,378,1.0
a-468.jpg,b-468_M.png,82,74,270,357,1.0
a-1465.jpg,b-1465_M.png,196,53,267,408,1.0
a-308.jpg,b-308_M.png,115,66,286,249,1.0
a-1225.jpg,b-1225_M.png,69,87,481,287,1.0
a-399.jpg,b-399_M.png,149,139,341,94,1.0
a-930.jpg,b-930_M.png,188,150,269,494,1.0
a-870.jpg,b-870_M.png,84,73,202,469,1.0
a-665.jpg,b-665_M.png,28,166,482,397,1.0
a-3.jpg,b-3_M.png,143,86,364,80,1.0
a-385.jpg,b-385_M.png,164,107,272,357,1.0
a-1521.jpg,b-1521_M.png,139,149,422,506,1.0
a-1222.jpg,b-1222_M.png,66,188,457,479,1.0
a-298.jpg,b-298_M.png,158,79,226,413,1.0
a-104.jpg,b-104_M.png,165,124,289,366,1.0
a-252.jpg,b-252_M.png,142,121,290,337,1.0
a-1500.jpg,b-1500_M.png,52,142,468,343,1.0
a-876.jpg,b-876_M.png,126,52,270,474,1.0
a-112.jpg,b-112_M.png,253,163,329,439,1.0
a-455.jpg,b-455_M.png,39,78,250,364,1.0
a-361.jpg,b-361_M.png,230,133,270,351,1.0
a-254.jpg,b-254_M.png,108,42,297,342,1.0
a-1158.jpg,b-1158_M.png,22,116,466,468,1.0
a-934.jpg,b-934_M.png,102,101,383,419,1.0
a-139.jpg,b-139_M.png,110,139,307,160,1.0
a-429.jpg,b-429_M.png,287,125,285,431,1.0
a-1400.jpg,b-1400_M.png,267,152,390,412,1.0
a-500.jpg,b-500_M.png,149,150,396,205,1.0
a-1204.jpg,b-1204_M.png,269,140,193,396,1.0
a-1256.jpg,b-1256_M.png,120,90,398,507,1.0
a-1275.jpg,b-1275_M.png,66,115,432,431,1.0
a-1193.jpg,b-1193_M.png,73,123,284,486,1.0
a-1327.jpg,b-1327_M.png,304,25,329,251,1.0
a-243.jpg,b-243_M.png,49,168,206,138,1.0
a-1228.jpg,b-1228_M.png,85,115,362,498,1.0
a-129.jpg,b-129_M.png,176,121,262,305,1.0
a-1461.jpg,b-1461_M.png,108,80,319,508,1.0
a-281.jpg,b-281_M.png,234,155,122,343,1.0
a-721.jpg,b-721_M.png,267,125,150,263,1.0
a-922.jpg,b-922_M.png,98,174,451,162,1.0
a-109.jpg,b-109_M.png,77,141,420,350,1.0
a-819.jpg,b-819_M.png,32,162,486,324,1.0
a-537.jpg,b-537_M.png,246,151,337,391,1.0
a-726.jpg,b-726_M.png,221,94,322,374,1.0
a-133.jpg,b-133_M.png,138,94,286,444,1.0
a-843.jpg,b-843_M.png,169,68,394,480,1.0
a-570.jpg,b-570_M.png,31,137,203,21,1.0
a-869.jpg,b-869_M.png,243,143,286,297,1.0
a-509.jpg,b-509_M.png,87,177,491,292,1.0
a-1082.jpg,b-1082_M.png,95,125,272,472,1.0
a-847.jpg,b-847_M.png,127,88,452,494,1.0
a-303.jpg,b-303_M.png,204,188,198,370,1.0
a-246.jpg,b-246_M.png,176,46,353,132,1.0
a-1104.jpg,b-1104_M.png,126,295,261,109,1.0
a-234.jpg,b-234_M.png,177,143,209,332,1.0
a-1254.jpg,b-1254_M.png,38,125,438,489,1.0
a-213.jpg,b-213_M.png,12,125,487,364,1.0
a-576.jpg,b-576_M.png,143,166,252,436,1.0
a-906.jpg,b-906_M.png,63,161,488,406,1.0
a-587.jpg,b-587_M.png,261,25,230,368,1.0
a-326.jpg,b-326_M.png,150,129,295,292,1.0
a-238.jpg,b-238_M.png,139,189,385,319,1.0
a-1342.jpg,b-1342_M.png,126,54,479,474,1.0
a-972.jpg,b-972_M.png,76,42,325,487,1.0
a-923.jpg,b-923_M.png,60,112,441,256,1.0
a-1161.jpg,b-1161_M.png,219,114,275,284,1.0
a-356.jpg,b-356_M.png,186,95,282,320,1.0
a-1000.jpg,b-1000_M.png,38,167,458,481,1.0
a-436.jpg,b-436_M.png,79,44,325,333,1.0
a-1057.jpg,b-1057_M.png,86,140,383,360,1.0
a-793.jpg,b-793_M.png,236,114,249,497,1.0
a-441.jpg,b-441_M.png,49,127,263,124,1.0
a-1186.jpg,b-1186_M.png,72,92,390,501,1.0
a-1114.jpg,b-1114_M.png,192,142,296,474,1.0
a-1010.jpg,b-1010_M.png,67,100,379,331,1.0
a-425.jpg,b-425_M.png,18,191,392,370,1.0
a-485.jpg,b-485_M.png,231,99,261,416,1.0
a-1299.jpg,b-1299_M.png,27,150,462,443,1.0
a-459.jpg,b-459_M.png,36,93,302,341,1.0
a-280.jpg,b-280_M.png,69,125,365,383,1.0
a-686.jpg,b-686_M.png,138,71,338,315,1.0
a-1233.jpg,b-1233_M.png,120,86,460,461,1.0
a-976.jpg,b-976_M.png,83,137,485,331,1.0
a-89.jpg,b-89_M.png,82,125,350,282,1.0
a-681.jpg,b-681_M.png,124,81,320,314,1.0
a-515.jpg,b-515_M.png,39,125,407,332,1.0
a-1358.jpg,b-1358_M.png,16,87,479,454,1.0
a-897.jpg,b-897_M.png,102,90,370,462,1.0
a-398.jpg,b-398_M.png,155,62,264,315,1.0
a-983.jpg,b-983_M.png,100,92,426,495,1.0
a-1282.jpg,b-1282_M.png,261,153,379,263,1.0
a-430.jpg,b-430_M.png,155,115,278,378,1.0
a-1212.jpg,b-1212_M.png,63,99,337,479,1.0
a-928.jpg,b-928_M.png,88,60,316,490,1.0
a-79.jpg,b-79_M.png,71,93,335,257,1.0
a-1456.jpg,b-1456_M.png,46,124,495,438,1.0
a-995.jpg,b-995_M.png,158,109,446,342,1.0
a-65.jpg,b-65_M.png,204,155,273,354,1.0
a-1191.jpg,b-1191_M.png,280,93,397,423,1.0
a-200.jpg,b-200_M.png,116,150,263,378,1.0
a-1392.jpg,b-1392_M.png,36,131,478,478,1.0
a-454.jpg,b-454_M.png,251,90,275,404,1.0
a-161.jpg,b-161_M.png,188,94,188,369,1.0
a-242.jpg,b-242_M.png,53,137,392,443,1.0
a-804.jpg,b-804_M.png,122,68,103,387,1.0
a-1172.jpg,b-1172_M.png,258,191,305,455,1.0
a-54.jpg,b-54_M.png,25,110,214,153,1.0
a-108.jpg,b-108_M.png,149,125,291,374,1.0
a-525.jpg,b-525_M.png,57,182,417,401,1.0
a-45.jpg,b-45_M.png,145,81,258,318,1.0
a-883.jpg,b-883_M.png,64,176,480,461,1.0
a-800.jpg,b-800_M.png,110,59,290,479,1.0
a-1267.jpg,b-1267_M.png,57,165,463,380,1.0
a-828.jpg,b-828_M.png,75,165,435,346,1.0
a-379.jpg,b-379_M.png,47,175,443,148,1.0
a-863.jpg,b-863_M.png,143,71,254,439,1.0
a-857.jpg,b-857_M.png,111,56,444,439,1.0
a-72.jpg,b-72_M.png,87,111,233,143,1.0
a-791.jpg,b-791_M.png,162,61,331,489,1.0
a-560.jpg,b-560_M.png,66,192,463,281,1.0
a-1370.jpg,b-1370_M.png,44,140,503,349,1.0
a-1029.jpg,b-1029_M.png,202,114,187,402,1.0
a-1108.jpg,b-1108_M.png,61,193,484,293,1.0
a-1498.jpg,b-1498_M.png,16,114,427,421,1.0
a-121.jpg,b-121_M.png,75,106,199,414,1.0
a-556.jpg,b-556_M.png,209,225,271,440,1.0
a-830.jpg,b-830_M.png,15,140,448,393,1.0
a-497.jpg,b-497_M.png,200,125,179,310,1.0
a-1174.jpg,b-1174_M.png,63,67,478,300,1.0
a-456.jpg,b-456_M.png,70,90,344,317,1.0
a-1279.jpg,b-1279_M.png,48,194,489,490,1.0
a-1426.jpg,b-1426_M.png,224,122,438,275,1.0
a-778.jpg,b-778_M.png,18,170,445,356,1.0
a-2.jpg,b-2_M.png,213,129,235,330,1.0
a-273.jpg,b-273_M.png,286,166,211,272,1.0
a-218.jpg,b-218_M.png,70,77,317,427,1.0
a-1180.jpg,b-1180_M.png,70,122,488,446,1.0
a-1471.jpg,b-1471_M.png,51,149,493,466,1.0
a-173.jpg,b-173_M.png,52,144,378,169,1.0
a-31.jpg,b-31_M.png,70,160,368,397,1.0
a-507.jpg,b-507_M.png,166,131,191,307,1.0
a-199.jpg,b-199_M.png,31,83,352,389,1.0
a-1309.jpg,b-1309_M.png,93,72,297,482,1.0
a-772.jpg,b-772_M.png,252,139,347,301,1.0
a-86.jpg,b-86_M.png,38,148,329,304,1.0
a-782.jpg,b-782_M.png,109,92,326,478,1.0
a-684.jpg,b-684_M.png,203,135,364,245,1.0
a-767.jpg,b-767_M.png,69,93,292,295,1.0
a-1020.jpg,b-1020_M.png,72,137,476,413,1.0
a-580.jpg,b-580_M.png,39,165,455,328,1.0
a-182.jpg,b-182_M.png,72,105,442,275,1.0
a-810.jpg,b-810_M.png,15,179,473,286,1.0
a-1105.jpg,b-1105_M.png,82,139,443,483,1.0
a-1016.jpg,b-1016_M.png,151,105,230,362,1.0
a-657.jpg,b-657_M.png,240,95,314,349,1.0
a-649.jpg,b-649_M.png,87,129,418,174,1.0
a-1155.jpg,b-1155_M.png,21,170,414,489,1.0
a-540.jpg,b-540_M.png,91,69,383,335,1.0
a-613.jpg,b-613_M.png,150,77,226,474,1.0
a-219.jpg,b-219_M.png,195,104,107,416,1.0
a-590.jpg,b-590_M.png,263,152,370,414,1.0
a-700.jpg,b-700_M.png,284,65,322,227,1.0
a-478.jpg,b-478_M.png,58,106,302,485,1.0
a-1462.jpg,b-1462_M.png,48,102,454,330,1.0
a-165.jpg,b-165_M.png,175,345,251,97,1.0
a-1207.jpg,b-1207_M.png,52,156,378,486,1.0
a-1.jpg,b-1_M.png,82,124,359,326,1.0
a-1394.jpg,b-1394_M.png,85,111,336,493,1.0
a-901.jpg,b-901_M.png,120,146,403,467,1.0
a-1335.jpg,b-1335_M.png,16,202,494,369,1.0
a-325.jpg,b-325_M.png,81,137,252,68,1.0
a-351.jpg,b-351_M.png,169,121,327,428,1.0
a-1075.jpg,b-1075_M.png,150,26,286,308,1.0
a-914.jpg,b-914_M.png,215,143,338,388,1.0
a-951.jpg,b-951_M.png,107,167,451,482,1.0
a-34.jpg,b-34_M.png,166,62,333,283,1.0
a-306.jpg,b-306_M.png,80,111,272,497,1.0
a-390.jpg,b-390_M.png,197,145,69,376,1.0
a-76.jpg,b-76_M.png,96,115,253,378,1.0
a-1151.jpg,b-1151_M.png,54,215,454,491,1.0
a-926.jpg,b-926_M.png,177,87,278,436,1.0
a-669.jpg,b-669_M.png,71,166,367,317,1.0
a-954.jpg,b-954_M.png,66,112,464,433,1.0
a-483.jpg,b-483_M.png,16,189,389,319,1.0
a-1339.jpg,b-1339_M.png,39,95,472,486,1.0
a-932.jpg,b-932_M.png,116,171,477,418,1.0
a-1307.jpg,b-1307_M.png,282,196,285,395,1.0
a-1460.jpg,b-1460_M.png,56,114,384,458,1.0
a-386.jpg,b-386_M.png,150,136,248,345,1.0
a-9.jpg,b-9_M.png,166,189,121,404,1.0
a-171.jpg,b-171_M.png,140,126,406,392,1.0
a-13.jpg,b-13_M.png,50,104,276,118,1.0
a-144.jpg,b-144_M.png,190,117,194,361,1.0
a-625.jpg,b-625_M.png,157,101,401,490,1.0
a-975.jpg,b-975_M.png,80,144,367,494,1.0
a-1195.jpg,b-1195_M.png,47,238,487,468,1.0
a-1285.jpg,b-1285_M.png,129,53,209,481,1.0
a-1409.jpg,b-1409_M.png,254,100,320,457,1.0
a-597.jpg,b-597_M.png,75,182,376,415,1.0
a-1453.jpg,b-1453_M.png,94,107,323,508,1.0
a-1294.jpg,b-1294_M.png,217,165,259,288,1.0
a-968.jpg,b-968_M.png,133,95,345,374,1.0
a-492.jpg,b-492_M.png,30,248,473,397,1.0
a-1363.jpg,b-1363_M.png,80,40,499,441,1.0
a-353.jpg,b-353_M.png,183,56,329,307,1.0
a-510.jpg,b-510_M.png,190,175,260,379,1.0
a-673.jpg,b-673_M.png,111,113,293,474,1.0
a-856.jpg,b-856_M.png,137,111,417,492,1.0
a-939.jpg,b-939_M.png,160,79,294,456,1.0
a-948.jpg,b-948_M.png,150,141,420,492,1.0
a-1072.jpg,b-1072_M.png,60,115,422,478,1.0
a-603.jpg,b-603_M.png,113,37,347,95,1.0
a-744.jpg,b-744_M.png,164,113,265,496,1.0
a-971.jpg,b-971_M.png,83,135,403,476,1.0
a-324.jpg,b-324_M.png,223,145,272,396,1.0
a-179.jpg,b-179_M.png,227,132,169,352,1.0
a-888.jpg,b-888_M.png,101,131,474,418,1.0
a-952.jpg,b-952_M.png,134,65,366,453,1.0
a-333.jpg,b-333_M.png,80,124,317,181,1.0
a-1089.jpg,b-1089_M.png,137,93,383,460,1.0
a-831.jpg,b-831_M.png,39,142,446,506,1.0
a-29.jpg,b-29_M.png,171,58,300,314,1.0
a-1073.jpg,b-1073_M.png,73,156,473,462,1.0
a-1485.jpg,b-1485_M.png,38,128,495,377,1.0
a-808.jpg,b-808_M.png,73,67,394,495,1.0
a-1517.jpg,b-1517_M.png,114,55,267,485,1.0
a-805.jpg,b-805_M.png,251,207,267,374,1.0
a-152.jpg,b-152_M.png,218,321,434,309,1.0
a-1033.jpg,b-1033_M.png,108,198,484,389,0.0
a-371.jpg,b-371_M.png,129,66,311,320,0.0
a-1287.jpg,b-1287_M.png,87,64,434,479,0.0
a-1085.jpg,b-1085_M.png,128,137,482,422,0.0
a-1059.jpg,b-1059_M.png,124,36,263,488,0.0
a-1434.jpg,b-1434_M.png,56,216,488,476,0.0
a-1526.jpg,b-1526_M.png,141,133,314,474,0.0
a-1338.jpg,b-1338_M.png,311,119,323,440,0.0
a-892.jpg,b-892_M.png,221,152,268,406,0.0
a-1040.jpg,b-1040_M.png,24,163,456,458,0.0
a-655.jpg,b-655_M.png,98,221,414,293,0.0
a-942.jpg,b-942_M.png,139,86,376,494,0.0
a-1310.jpg,b-1310_M.png,29,123,418,503,0.0
a-316.jpg,b-316_M.png,154,294,212,192,0.0
a-949.jpg,b-949_M.png,181,142,382,305,0.0
a-92.jpg,b-92_M.png,147,131,243,280,0.0
a-601.jpg,b-601_M.png,116,83,179,372,0.0
a-1381.jpg,b-1381_M.png,265,106,371,371,0.0
a-1012.jpg,b-1012_M.png,135,123,307,396,0.0
a-226.jpg,b-226_M.png,95,173,266,259,0.0
a-874.jpg,b-874_M.png,10,117,420,351,0.0
a-1095.jpg,b-1095_M.png,79,49,298,489,0.0
a-81.jpg,b-81_M.png,75,111,359,268,0.0
a-871.jpg,b-871_M.png,118,64,340,490,0.0
a-1429.jpg,b-1429_M.png,78,173,447,493,0.0
a-1420.jpg,b-1420_M.png,94,155,467,460,0.0
a-1185.jpg,b-1185_M.png,52,116,475,422,0.0
a-807.jpg,b-807_M.png,151,101,366,480,0.0
a-674.jpg,b-674_M.png,50,182,383,267,0.0
a-1061.jpg,b-1061_M.png,45,226,482,237,0.0
a-475.jpg,b-475_M.png,190,106,132,395,0.0
a-617.jpg,b-617_M.png,209,114,174,332,0.0
a-1507.jpg,b-1507_M.png,105,126,399,437,0.0
a-487.jpg,b-487_M.png,248,154,287,382,0.0
a-755.jpg,b-755_M.png,61,124,345,490,0.0
a-156.jpg,b-156_M.png,257,99,253,396,0.0
a-110.jpg,b-110_M.png,186,136,242,360,0.0
a-307.jpg,b-307_M.png,203,150,198,371,0.0
a-388.jpg,b-388_M.png,97,162,388,399,0.0
a-964.jpg,b-964_M.png,76,136,493,434,0.0
a-465.jpg,b-465_M.png,75,90,311,308,0.0
a-1343.jpg,b-1343_M.png,84,151,486,478,0.0
a-1490.jpg,b-1490_M.png,122,106,334,499,0.0
a-1495.jpg,b-1495_M.png,81,188,394,439,0.0
a-1341.jpg,b-1341_M.png,66,155,127,442,0.0
a-1360.jpg,b-1360_M.png,98,181,491,358,0.0
a-164.jpg,b-164_M.png,37,126,220,57,0.0
a-676.jpg,b-676_M.png,218,111,293,308,0.0
a-631.jpg,b-631_M.png,151,69,246,290,0.0
a-855.jpg,b-855_M.png,113,23,364,427,0.0
a-1156.jpg,b-1156_M.png,172,143,226,507,0.0
a-265.jpg,b-265_M.png,70,172,286,338,0.0
a-859.jpg,b-859_M.png,207,161,244,318,0.0
a-887.jpg,b-887_M.png,70,116,466,384,0.0
a-973.jpg,b-973_M.png,55,75,400,488,0.0
a-1355.jpg,b-1355_M.png,42,155,493,384,0.0
a-88.jpg,b-88_M.png,28,149,182,100,0.0
a-318.jpg,b-318_M.png,29,219,460,364,0.0
a-444.jpg,b-444_M.png,212,151,314,342,0.0
a-774.jpg,b-774_M.png,104,62,258,485,0.0
a-437.jpg,b-437_M.png,153,111,299,373,0.0
a-197.jpg,b-197_M.png,42,224,409,299,0.0
a-287.jpg,b-287_M.png,135,140,429,311,0.0
a-521.jpg,b-521_M.png,21,195,481,342,0.0
a-787.jpg,b-787_M.png,143,54,240,496,0.0
a-1289.jpg,b-1289_M.png,248,158,337,380,0.0
a-187.jpg,b-187_M.png,95,80,299,336,0.0
a-1093.jpg,b-1093_M.png,114,133,489,355,0.0
a-1502.jpg,b-1502_M.png,85,89,405,501,0.0
a-221.jpg,b-221_M.png,192,84,240,316,0.0
a-740.jpg,b-740_M.png,165,79,343,431,0.0
a-206.jpg,b-206_M.png,57,144,400,492,0.0
a-717.jpg,b-717_M.png,199,134,260,343,0.0
a-817.jpg,b-817_M.png,233,95,128,478,0.0
a-1205.jpg,b-1205_M.png,72,90,458,462,0.0
a-1466.jpg,b-1466_M.png,149,53,324,488,0.0
a-1514.jpg,b-1514_M.png,82,69,450,504,0.0
a-269.jpg,b-269_M.png,226,69,208,336,0.0
a-1493.jpg,b-1493_M.png,148,52,255,506,0.0
a-1250.jpg,b-1250_M.png,269,106,343,269,0.0
a-393.jpg,b-393_M.png,180,132,285,452,0.0
a-591.jpg,b-591_M.png,146,120,435,410,0.0
a-1497.jpg,b-1497_M.png,109,117,488,311,0.0
a-775.jpg,b-775_M.png,83,110,307,484,0.0
a-1284.jpg,b-1284_M.png,109,95,342,472,0.0
a-1475.jpg,b-1475_M.png,50,172,499,321,0.0
a-422.jpg,b-422_M.png,231,140,246,336,0.0
a-696.jpg,b-696_M.png,123,101,353,298,0.0
a-51.jpg,b-51_M.png,104,171,236,86,0.0
a-789.jpg,b-789_M.png,204,156,287,431,0.0
a-768.jpg,b-768_M.png,215,122,100,268,0.0
a-659.jpg,b-659_M.png,61,98,325,304,0.0
a-332.jpg,b-332_M.png,116,109,352,159,0.0
a-719.jpg,b-719_M.png,218,108,263,310,0.0
a-702.jpg,b-702_M.png,99,108,174,406,0.0
a-646.jpg,b-646_M.png,66,162,446,341,0.0
a-1489.jpg,b-1489_M.png,78,78,404,396,0.0
a-844.jpg,b-844_M.png,222,123,290,386,0.0
a-1230.jpg,b-1230_M.png,7,216,452,270,0.0
a-426.jpg,b-426_M.png,249,113,208,352,0.0
a-518.jpg,b-518_M.png,45,118,350,427,0.0
a-1112.jpg,b-1112_M.png,15,151,466,456,0.0
a-941.jpg,b-941_M.png,60,191,496,307,0.0
a-1243.jpg,b-1243_M.png,44,142,489,421,0.0
a-297.jpg,b-297_M.png,146,120,330,416,0.0
a-982.jpg,b-982_M.png,129,133,408,331,0.0
a-1099.jpg,b-1099_M.png,210,103,163,363,0.0
a-95.jpg,b-95_M.png,193,44,323,248,0.0
a-18.jpg,b-18_M.png,53,145,385,405,0.0
a-632.jpg,b-632_M.png,51,135,375,273,0.0
a-435.jpg,b-435_M.png,187,118,169,322,0.0
a-282.jpg,b-282_M.png,65,161,466,378,0.0
a-369.jpg,b-369_M.png,144,101,423,291,0.0
a-216.jpg,b-216_M.png,43,163,360,224,0.0
a-1022.jpg,b-1022_M.png,148,113,482,462,0.0
a-1468.jpg,b-1468_M.png,44,110,492,456,0.0
a-97.jpg,b-97_M.png,116,119,314,309,0.0
a-60.jpg,b-60_M.png,68,136,286,350,0.0
a-310.jpg,b-310_M.png,45,97,430,433,0.0
a-565.jpg,b-565_M.png,49,91,288,408,0.0
a-585.jpg,b-585_M.png,213,111,450,229,0.0
a-434.jpg,b-434_M.png,231,99,295,377,0.0
a-145.jpg,b-145_M.png,138,157,242,370,0.0
a-884.jpg,b-884_M.png,202,157,265,410,0.0
a-1023.jpg,b-1023_M.png,42,139,317,485,0.0
a-723.jpg,b-723_M.png,300,168,319,339,0.0
a-577.jpg,b-577_M.png,36,83,332,324,0.0
a-1427.jpg,b-1427_M.png,161,220,385,327,0.0
a-731.jpg,b-731_M.png,77,133,473,186,0.0
a-1206.jpg,b-1206_M.png,293,149,331,327,0.0
a-1244.jpg,b-1244_M.png,125,147,473,485,0.0
a-113.jpg,b-113_M.png,103,81,254,62,0.0
a-698.jpg,b-698_M.png,106,130,468,379,0.0
a-1116.jpg,b-1116_M.png,240,113,252,436,0.0
a-1129.jpg,b-1129_M.png,283,167,252,327,0.0
a-472.jpg,b-472_M.png,72,38,410,404,0.0
a-172.jpg,b-172_M.png,95,171,322,385,0.0
a-150.jpg,b-150_M.png,192,117,123,354,0.0
a-757.jpg,b-757_M.png,198,140,336,383,0.0
a-985.jpg,b-985_M.png,93,130,446,483,0.0
a-462.jpg,b-462_M.png,120,134,484,296,0.0
a-1202.jpg,b-1202_M.png,44,205,476,476,0.0
a-811.jpg,b-811_M.png,115,77,276,422,0.0
a-953.jpg,b-953_M.png,126,90,279,461,0.0
a-82.jpg,b-82_M.png,100,158,214,289,0.0
a-1179.jpg,b-1179_M.png,322,128,334,369,0.0
a-191.jpg,b-191_M.png,286,106,190,373,0.0
a-61.jpg,b-61_M.png,98,88,257,327,0.0
a-1470.jpg,b-1470_M.png,71,221,499,346,0.0
a-1219.jpg,b-1219_M.png,117,190,399,486,0.0
a-737.jpg,b-737_M.png,92,46,367,433,0.0
a-233.jpg,b-233_M.png,207,79,181,227,0.0
a-58.jpg,b-58_M.png,292,112,296,299,0.0
a-714.jpg,b-714_M.png,75,149,225,262,0.0
a-401.jpg,b-401_M.png,153,161,216,375,0.0
a-350.jpg,b-350_M.png,135,137,340,413,0.0
a-427.jpg,b-427_M.png,182,24,170,447,0.0
a-247.jpg,b-247_M.png,150,150,185,405,0.0
a-1446.jpg,b-1446_M.png,243,135,336,340,0.0
a-1248.jpg,b-1248_M.png,76,142,482,459,0.0
a-1117.jpg,b-1117_M.png,35,104,476,286,0.0
a-882.jpg,b-882_M.png,74,40,419,486,0.0
a-1351.jpg,b-1351_M.png,164,88,438,497,0.0
a-1164.jpg,b-1164_M.png,286,122,384,217,0.0
a-1210.jpg,b-1210_M.png,80,85,375,440,0.0
a-837.jpg,b-837_M.png,235,139,215,323,0.0
a-440.jpg,b-440_M.png,118,98,356,335,0.0
a-39.jpg,b-39_M.png,219,122,237,318,0.0
a-712.jpg,b-712_M.png,288,129,159,157,0.0
a-1249.jpg,b-1249_M.png,110,99,262,481,0.0
a-1403.jpg,b-1403_M.png,50,132,426,502,0.0
a-1157.jpg,b-1157_M.png,38,166,471,455,0.0
a-1510.jpg,b-1510_M.png,119,97,433,507,0.0
a-758.jpg,b-758_M.png,174,155,344,256,0.0
a-49.jpg,b-49_M.png,183,110,312,269,0.0
a-1505.jpg,b-1505_M.png,90,81,368,499,0.0
a-1146.jpg,b-1146_M.png,189,151,259,294,0.0
a-730.jpg,b-730_M.png,115,93,339,418,0.0
a-28.jpg,b-28_M.png,200,57,145,301,0.0
a-479.jpg,b-479_M.png,270,136,238,342,0.0
a-1030.jpg,b-1030_M.png,49,197,485,391,0.0
a-410.jpg,b-410_M.png,148,115,363,142,0.0
a-183.jpg,b-183_M.png,122,121,351,229,0.0
a-132.jpg,b-132_M.png,208,64,276,332,0.0
a-736.jpg,b-736_M.png,67,233,289,183,0.0
a-1438.jpg,b-1438_M.png,67,126,477,458,0.0
a-955.jpg,b-955_M.png,18,211,490,326,0.0
a-463.jpg,b-463_M.png,126,93,390,394,0.0
a-1291.jpg,b-1291_M.png,242,77,380,223,0.0
a-181.jpg,b-181_M.png,146,143,240,285,0.0
a-907.jpg,b-907_M.png,78,112,465,428,0.0
a-1123.jpg,b-1123_M.png,225,92,462,326,0.0
a-1050.jpg,b-1050_M.png,58,188,494,226,0.0
a-893.jpg,b-893_M.png,231,149,282,411,0.0
a-643.jpg,b-643_M.png,208,135,85,322,0.0
a-1013.jpg,b-1013_M.png,41,172,456,489,0.0
a-661.jpg,b-661_M.png,154,106,329,395,0.0
a-431.jpg,b-431_M.png,147,26,249,346,0.0
a-1091.jpg,b-1091_M.png,151,81,453,500,0.0
a-567.jpg,b-567_M.png,83,77,368,388,0.0
a-1530.jpg,b-1530_M.png,76,92,501,413,0.0
a-1126.jpg,b-1126_M.png,267,135,418,314,0.0
a-622.jpg,b-622_M.png,73,96,371,275,0.0
a-586.jpg,b-586_M.png,109,107,176,357,0.0
a-37.jpg,b-37_M.png,85,191,479,315,0.0
a-192.jpg,b-192_M.png,95,128,293,235,0.0
a-670.jpg,b-670_M.png,138,43,219,180,0.0
a-909.jpg,b-909_M.png,50,117,440,480,0.0
a-1365.jpg,b-1365_M.png,51,123,446,355,0.0
a-958.jpg,b-958_M.png,75,212,480,321,0.0
a-620.jpg,b-620_M.png,190,206,174,340,0.0
a-616.jpg,b-616_M.png,58,188,416,494,0.0
a-1092.jpg,b-1092_M.png,59,97,358,482,0.0
a-708.jpg,b-708_M.png,26,151,384,277,0.0
a-894.jpg,b-894_M.png,113,148,156,445,0.0
a-1340.jpg,b-1340_M.png,48,182,444,391,0.0
a-1404.jpg,b-1404_M.png,54,185,470,496,0.0
a-1423.jpg,b-1423_M.png,90,170,480,406,0.0
a-1027.jpg,b-1027_M.png,75,128,200,432,0.0
a-1479.jpg,b-1479_M.png,88,65,419,507,0.0
a-1509.jpg,b-1509_M.png,88,76,434,419,0.0
a-850.jpg,b-850_M.png,225,53,283,474,0.0
a-1035.jpg,b-1035_M.png,166,20,133,424,0.0
a-355.jpg,b-355_M.png,241,169,242,370,0.0
a-14.jpg,b-14_M.png,52,115,414,323,0.0
a-825.jpg,b-825_M.png,184,121,328,306,0.0
a-829.jpg,b-829_M.png,175,172,314,364,0.0
a-551.jpg,b-551_M.png,110,100,291,453,0.0
a-716.jpg,b-716_M.png,62,123,318,189,0.0
a-394.jpg,b-394_M.png,220,110,268,261,0.0
a-748.jpg,b-748_M.png,233,129,114,263,0.0
a-860.jpg,b-860_M.png,148,143,414,489,0.0
a-106.jpg,b-106_M.png,260,162,168,276,0.0
a-743.jpg,b-743_M.png,54,188,454,338,0.0
a-439.jpg,b-439_M.png,163,78,238,348,0.0
a-147.jpg,b-147_M.png,202,143,300,321,0.0
a-25.jpg,b-25_M.png,70,111,386,368,0.0
a-217.jpg,b-217_M.png,207,163,221,336,0.0
a-428.jpg,b-428_M.png,104,51,272,383,0.0
a-626.jpg,b-626_M.png,107,166,498,412,0.0
a-347.jpg,b-347_M.png,142,89,326,327,0.0
a-879.jpg,b-879_M.png,27,159,487,383,0.0
a-660.jpg,b-660_M.png,303,166,360,465,0.0
a-729.jpg,b-729_M.png,147,86,223,302,0.0
a-32.jpg,b-32_M.png,182,76,133,330,0.0
a-392.jpg,b-392_M.png,264,136,281,378,0.0
a-453.jpg,b-453_M.png,100,126,352,322,0.0
a-745.jpg,b-745_M.png,151,109,328,286,0.0
a-1318.jpg,b-1318_M.png,89,116,476,488,0.0
a-689.jpg,b-689_M.png,105,81,165,494,0.0
a-1109.jpg,b-1109_M.png,41,127,497,496,0.0
a-312.jpg,b-312_M.png,279,146,345,221,0.0
a-59.jpg,b-59_M.png,151,128,209,426,0.0
a-639.jpg,b-639_M.png,16,157,492,470,0.0
a-1321.jpg,b-1321_M.png,21,110,497,399,0.0
a-1194.jpg,b-1194_M.png,82,57,452,466,0.0
a-929.jpg,b-929_M.png,207,142,333,344,0.0
a-1049.jpg,b-1049_M.png,90,187,486,397,0.0
a-36.jpg,b-36_M.png,119,133,185,404,0.0
a-136.jpg,b-136_M.png,88,169,396,299,0.0
a-300.jpg,b-300_M.png,236,120,259,325,0.0
a-1443.jpg,b-1443_M.png,269,171,312,415,0.0
a-886.jpg,b-886_M.png,135,59,458,394,0.0
a-703.jpg,b-703_M.png,177,92,245,317,0.0
a-1196.jpg,b-1196_M.png,19,147,503,453,0.0
a-827.jpg,b-827_M.png,123,88,421,498,0.0
a-921.jpg,b-921_M.png,230,128,229,430,0.0
a-675.jpg,b-675_M.png,115,120,488,449,0.0
a-644.jpg,b-644_M.png,47,71,420,303,0.0
a-99.jpg,b-99_M.png,82,84,323,368,0.0
a-1319.jpg,b-1319_M.png,53,159,488,353,0.0
a-956.jpg,b-956_M.png,120,77,305,467,0.0
a-1046.jpg,b-1046_M.png,108,50,365,462,0.0
a-1378.jpg,b-1378_M.png,89,96,360,400,0.0
a-87.jpg,b-87_M.png,74,116,345,235,0.0
a-595.jpg,b-595_M.png,113,25,323,490,0.0
a-1313.jpg,b-1313_M.png,120,66,413,475,0.0
a-224.jpg,b-224_M.png,137,192,255,168,0.0
a-1484.jpg,b-1484_M.png,152,120,367,493,0.0
a-1097.jpg,b-1097_M.png,66,197,479,404,0.0
a-1147.jpg,b-1147_M.png,184,54,428,492,0.0
a-695.jpg,b-695_M.png,50,145,398,266,0.0
a-693.jpg,b-693_M.png,254,141,225,284,0.0
a-1348.jpg,b-1348_M.png,94,77,232,484,0.0
a-1111.jpg,b-1111_M.png,72,133,390,474,0.0
a-117.jpg,b-117_M.png,93,187,317,308,0.0
a-417.jpg,b-417_M.png,231,125,253,375,0.0
a-794.jpg,b-794_M.png,136,104,385,477,0.0
a-345.jpg,b-345_M.png,88,187,395,247,0.0
a-668.jpg,b-668_M.png,68,165,209,89,0.0
a-66.jpg,b-66_M.png,139,121,281,81,0.0
a-277.jpg,b-277_M.png,127,144,339,321,0.0
a-969.jpg,b-969_M.png,71,148,449,493,0.0
a-1442.jpg,b-1442_M.png,376,131,502,388,0.0
a-539.jpg,b-539_M.png,204,113,389,411,0.0
a-865.jpg,b-865_M.png,56,120,415,490,0.0
a-412.jpg,b-412_M.png,87,42,363,325,0.0
a-877.jpg,b-877_M.png,117,86,443,482,0.0
a-170.jpg,b-170_M.png,152,189,278,352,0.0
a-993.jpg,b-993_M.png,126,59,476,383,0.0
a-848.jpg,b-848_M.png,232,156,392,413,0.0
a-512.jpg,b-512_M.png,201,146,205,411,0.0
a-1119.jpg,b-1119_M.png,250,167,295,392,0.0
a-1439.jpg,b-1439_M.png,244,116,422,277,0.0
a-413.jpg,b-413_M.png,111,108,438,339,0.0
a-663.jpg,b-663_M.png,165,119,240,293,0.0
a-290.jpg,b-290_M.png,214,186,260,348,0.0
